Source,Target,Prediction,Rouge1,Rouge2,RougeL,RougeLsum,Precision,Recall,F1
"অঞ্জন শইকীয়া, ছতিয়াঃ যোৱা ২২ এপ্রিৰপৰা ২৪ এপ্ৰিল তাৰিখলৈকে লোকনায়ক অমিয় কুমাৰ দাস মহাবিদ্যালয়ত অনুষ্ঠিত হোৱা গুৱাহাটী বিশ্ববিদ্যালয়ৰ পূব মাণ্ডলিক আন্তঃমহাবিদ্যালয় যুৱ মহোৎসৱত বিশ্বনাথ মহাবিদ্যালয়ে সৰ্বাধিক ২০ টা পুৰস্কাৰৰ খিতাপেৰে শ্ৰেষ্ঠ মহাবিদ্যালয়ৰ খিতাপ লাভ কৰে।",গুৱাহাটী বিশ্ববিদ্যালয়ৰ পূব মাণ্ডলিক আন্তঃমহাবিদ্যালয় যুৱ মহোৎসৱত বিশ্বনাথ মহাবিদ্যালয় শ্ৰেষ্ঠ,কোৰোনা ভাইৰাছৰ ৰমৰমীয়া ব্যৱহাৰকাৰী,0.0,0.0,0.0,0.0,[0.683822751045227],[0.6128767132759094],[0.6464088559150696]
উজ এ.এছ.এন. প্ৰতিনিধি 23 / 2018 সন্মিলিত গণশক্তি চেৰপাই পঞ্চায়ত সমিতিৰ উদ্যোগত বিভিন্ন দল সংগঠনৰ সহযোগত আজি নামনি চেৰপাই-দেবোত্তৰ গাওঁ সংযোগী পথৰ কদৰ্য অৱস্হা দূৰ কৰাৰ উদ্দেশ্য শ্ৰমদানৰ কাৰ্যসূচী ৰূপায়ণ কৰা হয়।,"নামনি চেৰপাই দেবোত্তৰ সংযোগী পথৰ কদৰ্য ৰূপ, গণশক্তিৰ শ্ৰমদান কাৰ্যসূচী",কোৰোনা ভাইৰাছৰ কবলত পৰি সৰবৰাহ..,0.0,0.0,0.0,0.0,[0.7299388647079468],[0.6896747946739197],[0.7092358469963074]
চামগুৰিঃ নগাঁও জিলাৰ চামগুৰিত সোমবাৰে এটি যোগা প্ৰশিক্ষন কেন্দ্ৰ মুকলি কৰা হয়৷ চামগুৰিত যোগ প্ৰেৰণা-দ্যা যোগা চেন্টাৰ নামৰ যোগ প্ৰশিক্ষণটো কেন্দ্ৰটো উদ্বোধন কৰে কলিয়াবৰ জিলা বিজেপিৰ সভাপতি অনিল শইকীয়াই৷ প্ৰাক্তন সাংবাদিক তথা যোগ প্ৰশিক্ষক ৰেখামনি দাসে আঁত ধৰা উদ্বোধনী অনুষ্ঠানটোৰ মুকলি সভাত সভাপতিত্ব কৰে অসম যোগ সন্থাৰ সভাপতি প্ৰভাত চন্দ্ৰ বৰাই।,চামগুৰিত যোগা কেন্দ্ৰ মুকলি,কোৱাৰ্টাৰত পোহচাৰ পিছত সৰ্বস্বান্ত হ',0.0,0.0,0.0,0.0,[0.6930984258651733],[0.7266423106193542],[0.7094741463661194]
বঢ়মপুৰঃ অংগনৱাড়ী কৰ্মী-সহায়িকাই আজি বিভিন্ন দাবীৰ সমৰ্থনত উত্তাল প্ৰতিবাদ সাব্যস্ত কৰে চামগুৰিত।,চামগুৰিত অংগনৱাড়ী কৰ্মী-সহায়িকাৰ প্ৰতিবাদ,সৰ্বভাৰতীয় পৰম্পৰাগত সাজ-পোছাকৰ স,0.0,0.0,0.0,0.0,[0.7195934057235718],[0.7160981893539429],[0.7178415656089783]
গল্প 3 নতুন আইন - কমল তালুকদাৰ কাউৰীয়ে কা নকৰোঁতে পানীৰামে আজি শোৱাপাটী এৰিছে।,নতুন আইন - কমল তালুকদাৰ - ফটাঢোল,সৰ্বভাৰতীয় পৰিস্থিতিৰ পৰিৱৰ্তন হ',0.0,0.0,0.0,0.0,[0.637071430683136],[0.6702888607978821],[0.6532581448554993]
ডিব্ৰুগড়ঃ টাই আহোম যুৱ পৰিষদৰ ২২সংখ্যাক কেন্দ্ৰীয় প্ৰতিষ্ঠা দিৱস আজি ডিব্ৰুগড় সাহিত্য সভা ভৱনত অনুষ্ঠিত হয়।,ডিব্ৰুগড়ত টাই আহোম যুৱ পৰিষদৰ প্ৰতিষ্ঠা দিৱস,সৰ্বভাৰতীয় পৰিস্থিতিৰ পৰিৱৰ্তন হ',0.0,0.0,0.0,0.0,[0.7355554103851318],[0.7012566328048706],[0.7179966568946838]
"গোৰেশ্বৰঃ জাতি জনগোষ্ঠীৰ মিলনভূমি বিটিএডিত বহু ভাষা-ভাষী, সম্প্ৰদায়-বৰ্ণৰ লোক আছে।",৪টা পকী পথ নিৰ্মাণৰ শুভাৰম্ভ কৰিলে গনেশ কছাৰীয়ে,সৰ্বভাৰতীয় পৰিস্থিতিৰ পৰিৱৰ্তন হ',0.0,0.0,0.0,0.0,[0.7277424931526184],[0.7207177877426147],[0.7242131233215332]
"সোমবাৰে বিজেপিৰ ৰাজ্যিক সভাপতি ৰঞ্জিত দাসে এক সংবাদমেল আয়োজন কৰে ৷সংবাদমেলত লৈ স্থিতি স্পষ্ট বিজেপিৰ 'অসম চুক্তি ভাৰতৰ আত্মা',অসম চুক্তিৰ পিছতো অসমত অবাধ হাৰত অনুপ্ৰৱেশ ঘাটি আছিল,দ্বিতীয় খচৰাৰ পিছতো বহু ভাৰতীয়ৰ নাম বাদ পৰিছে,৫খন নথি বাতিলৰ বাবে দিয়া শপতনামা দুৰ্ভাগ্যজনক' ৰাইজক অন্ধকাৰত ৰাখি ৰাজ্যিক সমন্বয়ক প্ৰতীক হাজেলাই শপতনামা দাখিল কৰিছে,এই কথাই বিভ্ৰান্তিৰ সৃষ্টি কৰিছে ।",ৰাজ্যিক বিজেপিৰ সভাপতি ৰঞ্জিত দাসৰ সংবাদমেল,কোৱাৰ্টাৰত বৰষুণ.. সৰ্বাত্মক বিৰল,0.0,0.0,0.0,0.0,[0.6756706237792969],[0.6770656108856201],[0.6763674020767212]
"ষড়ানন বৰা, চামগুৰিঃ নগাঁও জিলাৰ পুৰণিগুদাম আৰক্ষী চকীৰ অন্তৰ্গত পুৰণিগুদামত বুধবাৰে দুপৰীয়া বিদ্যুৎস্পৃষ্ট হৈ এটি পশুধনৰ মৃত্যু হয়৷ জানিব পৰা মতে, পুৰণিগুদাম বিৰিঞ্চি কুমাৰ বৰুৱা মহাবিদ্যালয়ৰ সমীপত বিগত বহু দিন ধৰি উন্মুক্ত অৱস্থাত থকা এটা বৈদ্যুতিক ট্ৰেন্সফৰ্মাৰত বিদ্যুৎস্পৃষ্ট হৈ বিষয়াচুকৰ দণ্ডী শইকীয়াৰ গাভিনী গাইজনীৰ মৃত্যু হয়৷ ইয়াৰ পূৰ্বেও উক্ত স্থানত বিদ্যুৎস্পৃষ্ট হৈ এটা পশুধনৰ মৃত্যু হোৱাৰ লগতে এজন ব্যক্তিৰ কথমপি প্ৰাণ ৰক্ষা পৰিছিল।",পুৰণিগুদামত বিদ্যৎস্পৃষ্ট হৈ পশুধনৰ মৃত্যু,কোৱাৰ্টাৰৰ পৰা ফালৰি পৰিস্কাৰ,0.0,0.0,0.0,0.0,[0.742206871509552],[0.6795972585678101],[0.7095234990119934]
জ এ.এছ.এন. প্ৰতিনিধি / 2019 ডিমৌৰ পৰা অভিজিত গগৈৰ প্ৰতিবেদন : ডিমৌস্থিত চৰকাৰী-বেচৰকাৰী বিদ্যালয়- মহাবিদ্যালয়সমূহত আজি ৫৮ সংখ্যক শিক্ষক দিৱস উদ্ যাপন কৰাৰ লগতে ৰাজমাও মধ্য ইংৰাজী বিদ্যালয়ত ব্যতিক্ৰমী ৰূপত শিক্ষক দিৱস উদযাপন কৰে।,ডিমৌত ৫৮ সংখ্যক শিক্ষক দিৱস উদযাপন,কোৰোনা ভাইৰাছৰ কবলত পৰিছে ডিভাইড আছাম ডিষ্ট্ৰ,0.0,0.0,0.0,0.0,[0.6357226967811584],[0.6364753246307373],[0.6360988020896912]
"কৌতুক - হেমন্ত মাধব নাথ শইকীয়ানী বাইদেউৰ ড্ৰয়িংৰুমৰ আড্ডাৰ কিয়দাংশ  -  -  - - শইকীয়ানী  -  বাইদেউ , আপোনালোকৰ প্ৰিন্সৰ পঢ়া শুনা কেনে চলিছে ?",কৌতুক - হেমন্ত মাধব নাথ - ফটাঢোল,কোঠৰ পৰা ফালৰি কাটি সৰবৰাহ কৰা,0.0,0.0,0.0,0.0,[0.6528021097183228],[0.6686757206916809],[0.6606435179710388]
নলবাৰীঃ নলবাৰীৰ বৰক্ষেত্ৰী সমষ্টিৰ কামাৰকুছিত শনিবাৰে কংগ্ৰেছৰ এখন এখন সভাত অনুষ্ঠিত হয়৷ নলবাৰী জিলা কংগ্ৰেছৰ সভাপতি দিগন্ত বৰ্মনৰ সভাপতিত্বত অনুষ্ঠিত সভাত বিৰোধী দলপতি দেৱব্ৰত শইকীয়াই উপস্থিত থাকি বিজেপিক তীব্ৰ সমালোচনা কৰে৷ কেন্দ্ৰই উত্তৰ পূৰ্বাঞ্চলক বিশেষ মৰ্যদা পূৰ্ণ ৰাজ্য হিচাপে স্বীকৃতি দিয়াৰ বাবেই বিশেষ সহায় কৰি আহিছিল বুলি কয়।,"কামাৰকুছিত কংগ্ৰেছৰ সভা, দুটা বছৰত বান সাহায্যৰ নামত একো নিদিলে",ডিষ্ট্ৰিক্ট ডিটেক্টৰ :  তযারিক৆ তযারিক৆ৰ বাবে..,0.0,0.0,0.0,0.0,[0.6817499995231628],[0.6679627299308777],[0.6747859716415405]
নলবাৰীঃ ৰাজ্যৰ বিভিন্ন ঠাইৰ লগতে নলবাৰী জিলাৰ বিভিন্ন ঠাইত দেওবাৰে ড০ ভূপেন হাজৰিকাক স্মৰণ কৰে।,নলবাৰীত সুধাকন্ঠ ড০ ভূপেন হাজৰিকাক আছুৰ স্মৰণ,সৰ্বভাৰতীয় পৰিস্থিতিৰ পৰা আঁতৰত ৰাখি,0.0,0.0,0.0,0.0,[0.6967455148696899],[0.6825522184371948],[0.6895758509635925]
ডিজিটেল ডেস্কঃ ২০১৪ চনৰ ২ অক্টোবৰ গান্ধী জয়ন্তীৰ দিনটোতেই আৰম্ভণি হৈছিল নিকা ভাৰত গঢ়াৰ সপোন।,"স্বচ্ছ ভাৰত গঢ়াত বিফল মোডী, দিল্লীত অকপট স্বীকাৰ প্ৰধানমন্ত্ৰীৰ",সৰ্বভাৰতীয় পৰিস্থিতিৰ পৰিৱৰ্তন হ',0.0,0.0,0.0,0.0,[0.7400145530700684],[0.700373113155365],[0.7196483016014099]
গোৰেশ্বৰঃ ৰঙিয়া সমষ্টিৰ অন্তৰ্গত বিজেপিৰ গোৰেশ্বৰ মণ্ডল মহিলা মৰ্চাৰ এখন কাৰ্যনিৰ্বাহক সভা দেওবাৰে গোৰেশ্বৰ মহাবিদ্যালয় কনফাৰেঞ্চ হলত অনুষ্ঠিত হৈ যায়।,গোৰেশ্বৰত বিজেপিৰ মহিলা মৰ্চাৰ সভা,সৰ্বভাৰতীয় পৰিস্থিতিৰ পৰিৱৰ্তন হ',0.0,0.0,0.0,0.0,[0.6997051239013672],[0.69294673204422],[0.6963095664978027]
নলবাৰীঃ আজি নলবাৰী জিলাৰ বেলশৰ দেৱালয় প্ৰাংগনত স্বচ্ছ ভাৰত মিছন (গ্ৰামীণ) অভিযানৰ সামৰণি অনুষ্ঠান আৰু গান্ধী জয়ন্তী জিলা ভিত্তিত উদযাপন কৰা হয়।,নলবাৰীত স্বচ্ছ ভাৰত মিছন আৰু গান্ধী জয়ন্তীৰ অনুষ্ঠান সম্পন্ন,সৰ্বভাৰতীয় পৰিস্থিতিৰ পৰিৱৰ্তন হ',0.0,0.0,0.0,0.0,[0.697394609451294],[0.6815699934959412],[0.6893914341926575]
বজালী মহকুমাৰ অন্তৰ্গত বৰপেটা জিলাৰ চাপাৰবড়ি হাইস্কুলত মধ্যাহ্ন ভোজনৰ নামত চৰম অনিয়ম সংঘটিত হৈ থকাৰ অভিযোগ উত্থাপন কৰিছে স্থানীয় একাংশ লোকে।,প্ৰধান শিক্ষকৰ নিৰ্দেশত মাহত মাত্ৰ ৩-৪ দিন হে ভাত খুৱাই ছাত্ৰ-ছাত্ৰীক,কোৰোনা ভাইৰাছৰ পৰা মুক্ত হ'ব লগীয়া হ'ল,0.0,0.0,0.0,0.0,[0.6799380779266357],[0.6589395999908447],[0.6692742109298706]
জ এ.এছ.এন. প্ৰতিনিধি / 2019 নগৰবেৰাৰ পৰা আব্দুল ৰছিদ বৰপেটা আৰু কামৰূপ জিলাৰ বিভিন্ন স্থানত চলিছে সুলভ মূল্যৰ চাউলৰ ৰমৰমীয়া ব্যৱসায়।,বৰপেটাৰ মৰিচাকান্ধিত আৰক্ষীৰ অভিযানত জব্দ ৩৬ বস্তা সুলভ মূল্যৰ চাউল,সৰ্বভাৰতীয় পৰিস্থিতিৰ পৰা আঁতৰত ৰাখি,0.0,0.0,0.0,0.0,[0.7251485586166382],[0.693983793258667],[0.7092239856719971]
"ৰঙিয়াঃ শনিবাৰে কামৰূপৰ ৰঙিয়াত বিৰোধী দল কংগ্ৰেছে কেন্দ্ৰীয় আৰু ৰাজ্য চৰকাৰৰ বিৰুদ্ধে প্ৰতিবাদ সাব্যস্ত কৰে৷ বিজেপি চৰকাৰৰ জনবিৰোধী নীতি, অপশাসন আৰু পেট্ৰ'ল-ডিজেল, ৰন্ধন গেছৰ অত্যাধিক মূল্য বৃদ্ধিৰ বিৰুদ্ধে বিশ্বাসঘাতকতা দিৱস পালন কৰে।","ৰঙিয়াত মূল্য বৃদ্ধিৰ বিৰুদ্ধে কংগ্ৰেছৰ প্ৰতিবাদ, ঘোৰা গাড়ী, চাইকেল, ই-ৰিক্সাত উঠিল কংগ্ৰেছী",কোৰোনা ভাইৰাছৰ পৰা আঁতৰত ৰাখিম অসমৰ,0.0,0.0,0.0,0.0,[0.7353779673576355],[0.6881851553916931],[0.7109993100166321]
ৰাজ্যখনৰ ঐতিহ্যমণ্ডিত কটন বিশ্ববিদ্যালয়ত আয়োজন কৰা হৈছে এখন আন্তঃমহাবিদ্যালয় তৰ্ক প্ৰতিযোগিতাৰ।,কটন বিশ্ববিদ্যালয়ত আয়োজন কৰা হৈছে আন্তঃমহাবিদ্যালয় তৰ্ক প্ৰতিযোগিতাৰ,কোৰোনা ভাইৰাছৰ কবলত পৰি সৰ্বস্বান্ত হ',0.0,0.0,0.0,0.0,[0.6804617047309875],[0.6364967823028564],[0.6577454209327698]
ওৰাংঃ ভাৰতীয় সেনাই ২০লাখ টকাৰে নিৰ্মাণ কৰিব মাজবাট নগৰ বালিকা বিদ্যালয়ৰ শ্ৰেণীকোঠা ৷ ভাৰতীয় সেনাৰ ৰেড হৰ্ণ ডিভিজন অ'পিৰ উদ্যোগত আজি মাজবাট নগৰ বালিকা বিদ্যালয়ত সদ্ভাৱনা কাৰ্যসূচীৰ শুভাৰম্ভ কৰি এই কথা ঘোষণা কৰে।,২০ লাখ টকাৰে ভাৰতীয় সেনাই সাজি দিব বিদ্যালয় গৃহ,কোৱাৰ ডিভাইড আছাম ফিফটি-ফিফটি'ফটি :,0.0,0.0,0.0,0.0,[0.6616359949111938],[0.6793191432952881],[0.6703609824180603]
দলংঘাটঃ দৰং জিলাৰ পশ্চিম প্ৰান্তত অৱস্থিত একমাত্র উচ্চ শিক্ষানুষ্ঠান দেওমৰনৈ স্নাতক মহাবিদ্যালয়ত অসমীয়া বিভাগৰ উদ্যোগত আজি মহাবিদ্যালয়ৰ প্ৰেক্ষাগৃহত আধুনিক সমাজ আৰু লোক সংস্কৃতি শীৰ্ষক আলোচনা চক্ৰ অনুষ্ঠিত হয়।,"দেওমৰনৈত ""আধুনিক সমাজ আৰু লোক সংস্কৃতি"" শীৰ্ষক আলোচনা চক্ৰ",কোৱাৰ ডিষ্ট্ৰিক্ট ষ্টুডেণ্টছ এক্ট'ৰ অধীনত,0.0,0.0,0.0,0.0,[0.6641936302185059],[0.6476630568504333],[0.6558241248130798]
নগাঁও জিলাৰ চামগুৰি আৰক্ষী থানাৰ অন্তৰ্গত চামগুৰি তিনি আলিত আজি সংঘটিত এক পথ দুৰ্ঘটনাত এগৰাকী শিক্ষক নিহত হোৱাৰ লগতে এজন বাইক আৰোহী আঘাত প্ৰাপ্ত হয়।,পথ দুৰ্ঘটনাই প্ৰাণ কাঢ়ি নিলে এগৰাকী শিক্ষকৰ,সৰ্বভাৰতীয় পৰিস্থিতিৰ পৰা আঁতৰত ৰাখি,0.0,0.0,0.0,0.0,[0.7111902236938477],[0.7000798583030701],[0.7055913209915161]
গেলেকী আৰক্ষী থানাৰ ভাৰপ্ৰাপ্ত বিষয়া দ্বীপেন ছেত্ৰীৰ নেতৃত্বত আজি নাগালেণ্ডত আন্তঃৰাষ্ট্ৰীয় গাড়ী চোৰৰ বিৰুদ্ধ চলোৱা অভিযানত হাবিৰ মাজৰ পৰা এখন চুৰি টাটা চুমু গাড়ী উদ্ধাৰ কৰা হয়।,শিৱসাগৰ আৰক্ষীয়ে নাগালেণ্ডত উদ্ধাৰ কৰিলে গুৱাহাটীৰ পৰা চুৰি হোৱা গাড়ী,কোৰোনা ভাইৰাছৰ দ্বাৰা সৰ্বভাৰতীয় পৰ,0.0,0.0,0.0,0.0,[0.746770977973938],[0.7209488153457642],[0.7336327433586121]
মাৰ্ঘেৰিটাঃ তিনিচুকীয়া জিলাৰ মাৰ্ঘেৰিটা আৰক্ষী থানাৰ অন্তৰ্গত বৰগোলাইত ৰন্টিক্স নামৰ ব্যক্তিগত চিকিৎসা প্ৰতিষ্ঠানটোৰ সন্মুখত শুকুৰবাৰে নিশাৰ ভাগত এক দুৰ্ঘটনা সংঘটিত হয়।,"মাৰ্ঘেৰিটাত শিহৰণকাৰী দুৰ্ঘটনা, এজন নিহত",সৰ্বভাৰতীয় পৰিস্থিতিৰ পৰা আঁতৰত ৰাখি,0.0,0.0,0.0,0.0,[0.7101178765296936],[0.6908226609230042],[0.7003373503684998]
উচ্চতম ন্যায়ালয়ে সোমবাৰে এছ চি/এছ টি সংশোধনী আইন ২০১৮ৰ সাংবিধানিক বৈধতা অক্ষুন্ন ৰাখে।,এছ চি/এছ টি সংশোধনী আইনৰ সাংবিধানিক বৈধতাক উচ্চতম ন্যায়ালয়ৰ অনুমোদন,কোৱাৰ্টাৰত কোঠৰ,0.0,0.0,0.0,0.0,[0.6376499533653259],[0.5941628813743591],[0.6151387691497803]
নলবাৰীঃ শনিবাৰে বাঁহজানীৰ একমাত্ৰ উচ্চ শিক্ষানুষ্ঠান দক্ষিণ নলবাৰী মহাবিদ্যালয়ৰ দহ লাখ টকাৰে নিৰ্মাণ হ'বলগীয়া প্ৰেক্ষাগৃহৰ আধাৰশিলা স্থাপন কৰে বিধায়ক অশোক কুমাৰ শৰ্মাই।,দক্ষিণ নলবাৰী মহাবিদ্যালয়ৰ প্ৰেক্ষাগৃহৰ আধাৰশিলা স্থাপন,কোৰোনা ভাইৰাছৰ পৰা মুক্ত হ'ব আপোনাৰ দেশ!,0.0,0.0,0.0,0.0,[0.6632230877876282],[0.6264449954032898],[0.6443096399307251]
"জালাহঃ জালাহ ৰাজহ চক্ৰৰ অন্তৰ্গত ভেৱলা (কেওঁটচুপা) গাঁৱৰ বিশিষ্ট সমাজকৰ্মী, ব্যৱসায়ী তথা গাঁও পঞ্চায়তৰ প্ৰাক্তন সদস্য ভুবনেশ্বৰ দাসৰ সোমবাৰে আবেলি ২.৪০ বজাত মৃত্যু হয়।",জালাহৰ বিশিষ্ট সমাজকৰ্মী-ব্যৱসায়ী-গাঁও পঞ্চায়তৰ প্ৰাক্তন সদস্যৰ বিয়োগ,কোৱাৰ্টাৰৰ পৰা ফালৰি পৰিৱৰ,0.0,0.0,0.0,0.0,[0.6915637850761414],[0.626949667930603],[0.6576735377311707]
"জ ডেস্ক / 2019 নলবাৰীৰ পৰা হেমন্ত কলিতা নলবাৰী ৰাজহ চক্ৰৰ অন্তৰ্গত বাহঁজানী মৌজাৰ তিলানা গাঁও নিবাসী তথা গাঁওখনৰ চৰকাৰী গাওঁবুঢ়া ,বিশিষ্ট সমাজকৰ্মী গয়া ৰাম কলিতাৰ শনিবাৰে নিজ গৃহত পৰলোকপ্ৰাপ্তি ঘটে ৷ মৃত্যুৰ সময়ত তেওঁৰ বয়স আছিল ৭৭ বছৰ ৷ গাওঁবুঢ়া কলিতা বিভিন্ন অনুষ্ঠান-প্ৰতিষ্ঠানৰ লগত ওত:প্রোতভাৱে জড়িত আছিল।",নলবাৰীৰ তিলানা গাঁওৰ চৰকাৰী গাওঁবুঢ়া গয়া ৰাম কলিতাৰ বিয়োগ,সৰ্বভাৰতীয় পৰিস্থিতিৰ পৰিৱৰ্তন হ',0.0,0.0,0.0,0.0,[0.67385333776474],[0.6467726230621338],[0.660035252571106]
শিলচৰ ইটখলা এথলেটিক ক্লাৱৰ ফুটবল পথাৰৰ উন্নয়নৰ বাবে আধাৰশিলা স্থাপন কৰিলে বিধায়ক দিলীপ কুমাৰ পালে।,ইটখলা এথলেটিক ক্লাৱৰ ফুটবল খেলপথাৰৰ আধাৰশিলা  স্থাপন,সৰ্বভাৰতীয় পৰিস্থিতিৰ পৰিৱৰ্তন হ',0.0,0.0,0.0,0.0,[0.6670421361923218],[0.654427707195282],[0.6606747508049011]
নলবাৰীঃ নলবাৰী চহৰস্থিত ছহিদ মুকুন্দ কাকতি অসামৰিক চিকিৎসালয়ৰ অধীক্ষক ডাঃ অৰুণ চন্দ্ৰ মহন্তক ৰাজ্য চৰকাৰে নগাঁও লৈ বদলি কৰা বাবে চিকিৎসালয় খনৰ চিকিৎসক তথা কৰ্মচাৰী সকলে বিদায় সম্ভাষন জ্ঞাপন কৰে।,ছহিদ মুকুন্দ কাকতি অসামৰিক চিকিৎসালয়ৰ অধীক্ষকক বিদায়,কোৰোনা ভাইৰাছৰ পৰা বাচিবলৈ ধৰক..,0.0,0.0,0.0,0.0,[0.6941350102424622],[0.6642507910728455],[0.6788641810417175]
গোৰেশ্বৰঃ বিটিএডিৰ শাসকীয় দলৰ বিপিএফৰ ভাতৃ সংগঠন বিএছইউক ধৰাশয়ী কৰি এবছুৱে দখল কৰে গোৰেষ্বৰ মহাবিদ্যালয়৷ বিপিএফৰ বাক্সা জিলাৰ অন্যতম উচ্চ শিক্ষানুষ্ঠান গোৰেশ্বৰ মহাবিদ্যলয়ৰ ছাত্ৰ একতা সভাৰ নিৰ্বাচনত নিখিল বড়ো ছাত্ৰ সন্থা চমুকৈ এবছুৱে বৃহৎ জয় সাব্যস্ত কৰিছে।,"বিএছইউ শূন্য, এবছুৰ দখলত গোৰেশ্বৰ মহাবিদ্যালয়ৰ ছাত্ৰ একতা সভা",কোৰোনা ভাইৰাছৰ ৰমৰমীয়া ব্যৱহাৰকাৰী,0.0,0.0,0.0,0.0,[0.6850722432136536],[0.6446298956871033],[0.6642360687255859]
জনগণ সহ সাংবাদিকক অন্ধকাৰত ৰাখি শুক্রবাৰে আনুষ্টানিক ভাবে উদ্বোধন কৰা হল।,ত্রিপুৰাৰ কোটি টকীয়া চৰকাৰি ৰবৰ ইন্ডাষ্ট্ৰিৰ আনুষ্ঠানিক উদ্বোধন,সৰ্বভাৰতীয় পৰিস্থিতিৰ পৰিৱৰ্তন হ',0.0,0.0,0.0,0.0,[0.7015727758407593],[0.6823996305465698],[0.691853404045105]
জ ডেস্ক / 2019 তপন বৰগোহাঁই ড্ৰাগছৰ বিৰুদ্ধে হোজাইৰ ডবকাত চিআইডি আৰু ভিজিলেন্সে যুটীয়া অভিযান চলায়।,ডবকাত বৃহৎ পৰিমাণৰ ড্ৰাগছসহ সৰবৰাহকাৰী আটক,সৰ্বভাৰতীয় পৰিস্থিতিৰ পৰিৱৰ্তন হ',0.0,0.0,0.0,0.0,[0.7472363710403442],[0.7150045037269592],[0.730765163898468]
বিলাসীপাৰাঃ শেহতীয়া পঞ্চায়ত নিৰ্বাচনত পানবাৰী জিলা পৰিষদ সদস্যা পদৰ কংগ্ৰেছ দলৰ ৰেহেনা পাৰিবনে বিজয়ী হোৱা উপলক্ষে শুকুৰবাৰে বিয়লি চাৰি বজাত বয়জেৰ আলগা গাঁও পঞ্চায়তৰ মায়াৰ চৰ বজাৰ প্ৰাংগণত এখন বিজয়ী সভা অনুষ্ঠিত কৰে।,পানবাৰী জিলা পৰিষদ সদস্যাৰ বিজয়ী সভা,কোৰোনা ভাইৰাছৰ ৰমৰমীয়া ব্যৱহাৰেৰে,0.0,0.0,0.0,0.0,[0.6730454564094543],[0.6704779863357544],[0.6717592477798462]
উজ এ.এছ.এন. প্ৰতিনিধি / 2019 শিৱসাগৰৰ পৰা কল্যাণজ্যোতি বুঢ়াগোহাঁই: শিৱসাগৰৰ গেমন দলঙত পুৱতি নিশা সংঘটিত হয় এক পথ দুৰ্ঘটনা।,পুৱতি নিশা শিৱসাগৰৰ গেমন দলঙত ভয়ংকৰ দুৰ্ঘটনা:দিখৌৰ বুকুত গাড়ী পৰি যোৱাৰ আশংকা,সৰ্বভাৰতীয় পৰিস্থিতিৰ পৰা আঁতৰত ৰাখি,0.0,0.0,0.0,0.0,[0.7159457206726074],[0.6865187287330627],[0.7009235620498657]
গোৰেশ্বৰঃ বাক্সা জিলাৰ গোৰেশ্বৰ উচ্চতৰ মাধ্যমিক বিদ্যালয় খেলপথাৰৰপৰা নাগৰিকত্ব সংশোধনী বিধেয়ক বাতিলৰ দাবীত আজি এক জোঁৰ সমদল উলিওৱা হয়।,জোঁৰ সমদলেৰে নাগৰিকত্ব সংশোধনী বিধেয়কৰ বিৰোধিতা,সৰ্বভাৰতীয় পৰিস্থিতিৰ পৰা আঁতৰত ৰাখি,0.0,0.0,0.0,0.0,[0.6989822387695312],[0.6965464949607849],[0.6977621912956238]
জ এ.এছ.এন. প্ৰতিনিধি / 2018 তামুলপুৰৰ পৰা অভিজিৎ তালুকদাৰ হাগ্ৰামা মহিলাৰী নেতৃত্বাধীন বি পি এফ প্ৰশাসনে বি টি এ ডিত বসবাস কৰা সকলো শ্ৰেণীৰ ৰাইজৰ উন্নয়নৰ হকে কাম কৰি আহিছে।,জাতি-ধৰ্ম-বৰ্ণ নিৰ্বিশেষে বিটিচিৰ সকলো জাতি-জনগোষ্ঠীৰ উন্নয়নৰ হকে বিপিএফ দলে কাম কৰি আহিছে : গণেশ কছাৰী,সৰ্বভাৰতীয় পৰিস্থিতিৰ পৰা আঁতৰত ৰাখি,0.0,0.0,0.0,0.0,[0.6964150071144104],[0.6686411499977112],[0.6822454929351807]
িদুদ জামান 13 / 2019 নগাঁও আৰক্ষীৰ জালত পৰিল কুখ্যাত ড্ৰাগছ মাফিয়া।,নগাঁৱত কুখ্যাত ড্ৰাগছ মাফিয়া গ্ৰেপ্তাৰ,সৰ্বভাৰতীয় পৰিস্থিতিৰ পৰিৱৰ্তন হ',0.0,0.0,0.0,0.0,[0.6712735891342163],[0.6577778458595276],[0.6644571423530579]
"নলবাৰীঃ নলবাৰী জিলাৰ দক্ষিণ নলবাৰী কনিষ্ঠ মহাবিদ্যালয়ৰ অধ্যাপক নৃপেন্দ্ৰ নাথ কলিতাক আজি মহাবিদ্যালয় শিক্ষক গোট, কৰ্তৃপক্ষ আৰু ছাত্ৰ একতা সভাৰ পৰা বিপুল সম্বৰ্ধনা জ্ঞাপন কৰা হয়।",নলবাৰীত কৃতী শিক্ষকক সম্বৰ্ধনা,কোৰোনা ভাইৰাছৰ কবলত পৰিছে ডিষ্ট্ৰিক্ট ডিষ্ট্,0.0,0.0,0.0,0.0,[0.6654844880104065],[0.678566575050354],[0.6719618439674377]
নাওকাটাঃ গোহালি সদৃশ এটা ঘৰ।,অসহায় এটা পৰিয়ালক লাগে সহায়,সৰ্বভাৰতীয় পাৰপত্ৰ,0.0,0.0,0.0,0.0,[0.6871671676635742],[0.7137024998664856],[0.7001835107803345]
জ এ.এছ.এন. প্ৰতিনিধি / 2019 নগাঁৱৰ পৰা ঋতু পৰ্ণ শৰ্মা: ২০০৫ চনত অসম জাতীয় বিদ্যালয়ৰ আৰ্হিত প্ৰতিষ্ঠা হোৱা নগাঁও জিলাৰ বেবেজীয়াৰ ব্যক্তিগত খণ্ডৰ আগশাৰীৰ শিক্ষানুষ্ঠান আৰ্য্য জাতীয় বিদ্যালয়ৰ উদ্যোগত যোৱা ৮ জুলাইৰ পৰা ২২ জুলাইলৈ দশম শ্ৰেণীৰ এক গ্ৰীষ্মকালীন পাঠদান শিবিৰ অনুষ্ঠিত হয়।,নগাঁৱৰ আৰ্য্য জাতীয় বিদ্যালয়ত গ্ৰীষ্মকালীন পাঠদান শিবিৰৰ সামৰণি,ডিষ্ট্ৰিক্ট ষ্টুডেণ্টছ এক্ট'ৰ দ্বাৰা ধৰ,0.0,0.0,0.0,0.0,[0.6986578702926636],[0.6911351084709167],[0.6948761343955994]
"নলবাৰীঃ বিশিষ্ট নাট্যশিল্পী, সমাজকৰ্মী মধুসূধন মজুমদাৰৰ ৮১ বছৰ বয়সত মঙলবাৰে নলবাৰী জিলাৰ দক্ষিণ আমনিৰ নিজ বাসভৱনত মৃত্যুক আকোৱালি লয়৷ প্ৰাক্তন ৰাজ্য সভাৰ সাংসদ তাৰাচৰণ মজুমদাৰৰ ভাতৃ মধুসূধন মজুমদাৰৰ মৃত্যুৰ খবৰ প্ৰচাৰ হোৱাৰ পিছতে শোকৰ ছাঁ পৰে নলবাৰীত।",বিশিষ্ট নাট্যশিল্পী মধুসূধন মজুমদাৰৰ মৃত্যু,সৰ্বভাৰতীয় পৰিস্থিতিৰ পৰা আঁতৰত ৰাখি,0.0,0.0,0.0,0.0,[0.6432716250419617],[0.6358464956283569],[0.639537513256073]
"ফখৰুল ইছলাম, দৰংঃ পৱিত্ৰ ৰমজান মাহৰ ৰোজাদাৰসকলৰ বাবে দৰঙৰ খাৰুপেটীয়া টাউন জামে মছজিদত প্ৰত্যেক বছৰৰ দৰে এইবাৰো মাহজোৰাভাৱে আয়োজন কৰা হৈছে ইফতাৰ।",খাৰুপেটীয়া টাউন জামে মছজিদত চলিছে মাহজোৰা ইফতাৰ,সৰ্বভাৰতীয় পৰিস্থিতিৰ পৰা আঁতৰত ৰাখি,0.0,0.0,0.0,0.0,[0.678188145160675],[0.6621220111846924],[0.6700588464736938]
"বঢ়মপুৰঃ মঙলবাৰে বিতৰ্কিত কেন্দ্ৰীয় মন্ত্ৰী ৰাজেন গােহাঁইৰ বিৰুদ্ধে সদৌ অসম ছাত্ৰ সন্থাই উত্তাল প্ৰতিবাদ সাব্যস্ত কৰে৷ নগাঁও জিলাৰ ডবকা-চামগুৰিত বিজেপিৰ কেন্দ্ৰীয় মন্ত্ৰীৰ বিৰুদ্ধে উত্তাল প্ৰতিবাদ সাব্যস্ত কৰে আছুৱে৷ ৰে'ল ৰাজ্য মন্ত্ৰী তথা নগাঁৱৰ সাংসদ ৰাজেন গোঁহাইৰ প্ৰতিকৃতি দাহ কৰি আছুৱে নগাঁৱৰ ৰাজপথ উত্তাল কৰি তোলে৷ উল্লেখ্য যে, সোমবাৰে খানাপাৰাত নাগৰিকত্ব সংশোধনী বিধেয়ক সন্দৰ্ভত যুটীয়া সংসদীয় সমিতিয়ে শুনানি অনুষ্ঠিত কৰি থকাৰ সময়তে মন্ত্ৰীগৰাকীয়ে বিধেয়ক খনৰ সমৰ্থন কৰিছিল৷ ৰাজেন গোহাঁয়ে আমি হিন্দু বাংলাদেশীক সুৰক্ষা দিছো আৰু এই কথাত একো লুকুৱাবলগীয়া নাই বুলি কৈ তেওঁলোকে আমাক নিৰ্বাচনৰ সময়ত সহায় কৰিছিল।",বিতৰ্কিত কেন্দ্ৰীয় মন্ত্ৰী ৰাজেন গােহাঁইৰ বিৰুদ্ধে ডবকা-চামগুৰিত উত্তাল প্ৰতিবাদ,বৰ্ষীয়ান হৈ পৰিছে দেশ৷,0.0,0.0,0.0,0.0,[0.7179566025733948],[0.6743301153182983],[0.6954598426818848]
নলবাৰীঃ নলবাৰীৰ বড়িগোগ বনভাগ উন্নয়ন খণ্ড এলেকাৰ বিদ্যালয়ৰ অতিৰিক্ত শ্ৰেণী কোঠা আৰু গড়কাপ্তানী বিভাগৰ পথৰ আধাৰশিলা স্থাপন কৰা হয়।,বনভাগত বিদ্যালয়ৰ অতিৰিক্ত শ্ৰেণী কোঠা পথৰ আধাৰশিলা স্থাপন,সৰ্বভাৰতীয় পৰিস্থিতিৰ পৰা আঁতৰত ৰাখি,0.0,0.0,0.0,0.0,[0.6876606941223145],[0.6793603301048279],[0.6834852695465088]
জ এ.এছ.এন. প্ৰতিনিধি / 2019 সোণাৰিৰ পৰা ঘন বৰাৰ প্রতিবেদন: সোণাৰিত বৃহৎ অস্ত্ৰ-শস্ত্ৰ সহ এন এছ চি এনৰ এজন কেডাৰ আটক কৰে।,সোণাৰিত এন এছ চি এনৰ কেডাৰ আটক,সৰ্বভাৰতীয় পৰিস্থিতিৰ পৰা আঁতৰত ৰাখি,0.0,0.0,0.0,0.0,[0.7101470232009888],[0.7106351852416992],[0.7103910446166992]
"গজেন হাজৰিকা,নাৰায়ণপুৰ নাগৰিকত্ব সংশোধনী বিধেয়ক-২০১৬ বাতিলৰ দাবীত সদৌ অসম টাই আহোম ছাত্ৰ সন্থাই নাৰায়ণপুৰ, ধলপুৰ, ৰঙতি, শিমলুগুৰি, ৰাজগড় আৰু ভোলাবৰী আঞ্চলিকৰ সহযোগত আজি সন্ধিয়া নাৰায়ণপুৰ নগৰত এক প্ৰতিবাদী জোঁৰ সমদল বাহিৰ কৰে।",নাগৰিকত্ব সংশোধনী বিধেয়ক বাতিলৰ দাবীত আটাছুৰ জোঁৰ সমদল,কোৰোনা ভাইৰাছৰ পৰা মুক্ত হ'ব অসমৰ ৰাইজক,0.0,0.0,0.0,0.0,[0.7042657136917114],[0.6927562355995178],[0.6984635591506958]
যোৱা কেইদিনমানৰ ভিতৰতে ভাৰত-ভূটান সীমান্তৱৰ্তী অঞ্চলত এন ডি এফ বি (সং) সক্ৰিতা বৃদ্ধি পোৱাৰ সমান্তৰালভাৱে সেনা-আৰক্ষীৰ অভিযানো তীব্ৰতৰ হোৱা দেখা গৈছে।,চিৰাঙৰ ভাৰত-ভূটান সীমান্তত এন ডি এফ বি(সং)ৰ দুজন সদস্যক আটক,কোৱাৰ পিছত সৰৱ হ'ব লাগিব সৰ্বানন্দ সোণোৱাল,0.0,0.0,0.0,0.0,[0.6698993444442749],[0.6461148262023926],[0.6577921509742737]
ৰঙিয়া ৪ অক্টোৱৰঃ সমগ্ৰ ৰাজ্যৰ লগতে ৰঙিয়াটো আধাৰ কাৰ্ড বনোৱাৰ সুবিধা প্ৰদান কৰিছে ৰাজ্য চৰকাৰে।,ৰঙিয়াৰ ৯টা কেন্দ্ৰত আধাৰ কাৰ্ডৰ কাম আৰম্ভ,সৰ্বভাৰতীয় পৰিস্থিতিৰ পৰিৱৰ্তন হ',0.0,0.0,0.0,0.0,[0.6779069900512695],[0.6953192949295044],[0.6865027546882629]
শিমলুগুৰি/চাবুৱাঃ ৰাজ্যত অব্যাহত আছে কৃষক নেতা অখিল গগৈৰ গ্ৰেপ্তাৰৰ বিৰুদ্ধে প্ৰতিবাদ৷ ৰাজ্যৰ ইমুৰৰ পৰা সিমুৰলৈ ৰাইজ ওলাই আহি প্ৰতিবাদ সাব্যস্ত কৰে ৰাজ্য চৰকাৰৰ বিৰুদ্ধে৷ শিৱসাগৰ শিমলুগুৰিত টায়াৰ জ্বলাই পথ অৱৰোধ কৰে কৃষক মুক্তি সংগ্ৰাম সমিতিৰ ভাতৃ সংগঠন ছাত্ৰ মুক্তি সংগ্ৰাম সমিতিয়ে।,ফেচিষ্ট চৰিত্ৰ উদঙাই অখিল গগৈক গ্ৰেপ্তাৰ কৰিছে চৰকাৰে,লাঈ ডিষ্ট্ৰিক্ট ষ্টুডেণ্টছ ডিভাইডেশ্যনঃ ধৰ,0.0,0.0,0.0,0.0,[0.6966342329978943],[0.7104310393333435],[0.7034649848937988]
পদত্যাগৰ দাবী ছাত্ৰ মুক্তি সংগ্ৰাম সমিতিৰ দুলীয়াজানঃ পঞ্চায়ত আৰু গ্ৰামোন্নয়ন বিভাগৰ নিযুক্তিৰ ক্ষেত্ৰত হোৱা ব্যাপক কেলেংকাৰীৰ প্ৰতিবাদত শনিবাৰে দুলীয়াজানত ছাত্ৰ মুক্তি সংগ্ৰাম সমিতিয়ে গ্ৰামোন্নয়ন মন্ত্ৰী নৱ কুমাৰ দলেৰ প্ৰতিকৃতি দাহ কৰে।,নিযুক্তি কেলেংকাৰীঃ গ্ৰামোন্নয়ন মন্ত্ৰী নৱ কুমাৰ দলেৰ প্ৰতিকৃতি দাহ,কোৰোনা ভাইৰাছৰ ৰমৰমীয়া ব্যৱহাৰেৰে,0.0,0.0,0.0,0.0,[0.7223008871078491],[0.6948224306106567],[0.7082952857017517]
ভোটদাতা সকলে পুৱা ৭ বজাৰ পৰা বিয়লি  ৩ বজালৈকে ভোটদান কৰিব পাৰিব ভােটদান কৰিবলৈ আহােতে দহবিধ নথিৰ যিকোনাে এখন লগত আনিব লাগিব কাজিৰঙাঃ পঞ্চায়ত নিৰ্বাচন সমাগত৷ অহা ৫ ডিচেম্বৰ ২০১৮ তাৰিখে অনুষ্ঠিত হবলগীয়া প্ৰথম পৰ্যায়ৰ পঞ্চায়ত নিবাচনত ভােটদাতা সকলে নিজ নিজ ভােটদান কেন্দ্ৰত পুৱা ৭ বজাৰ পৰা বিয়লি ৩ বজালৈকে ভােটদান কৰিব পাৰিব।,পঞ্চায়তৰ নিবাচনত ভোটদান কৰিবলৈ আহোঁতে কি কি নথি-পত্ৰ আপোনাৰ লগত আনিব লাগিব? পঢ়ক,ডিভাইড আছাম ফিফটি-ফিফটি' পুযল্টি বৰষুণৰ মাজতে,0.0,0.0,0.0,0.0,[0.6487374901771545],[0.6552162170410156],[0.6519607901573181]
জ এ.এছ.এন. প্ৰতিনিধি / 2019 নগাঁৱৰ পৰা ৱাহিদুদ জামান নগাঁও জিলা পৰিবহন বিভাগৰ প্ৰবৰ্তক বিষয়া ৰঞ্জিত দত্তৰ নেতৃত্বত আৰু নগাঁও যান-বাহন আৰক্ষীৰ ভাৰপ্ৰাপ্ত বিষয়া হান্নান লস্কৰ সহযোগত আজি নগাঁও যান-বাহন আৰক্ষীয়ে চহৰখনৰ কেইবাটাও স্থানত অভিযান চলাই নিয়ম ভংগ কৰি যান-বাহন চলোৱা বাহনৰ গৰাকীক জৰিমনা বিহাৰ লগতে বহু কেইখন দুচকীয়া বাহন আটক কৰে।,নগাঁৱত পৰিবহন বিভাগৰ অভিযান: ৮৮ খন মটৰ চাইকেল আটক,ডিষ্ট্ৰিক্ট ষ্টুডেণ্টছ'ৰ দ্বাৰা ধৰা,0.0,0.0,0.0,0.0,[0.6562989950180054],[0.6307695508003235],[0.6432810425758362]
নগাঁও জিলাৰ চামগুৰি আৰক্ষী থানাৰ অন্তৰ্গত গেন্ধালিত আৰক্ষীয়ে অভিযান চলাই দেওবাৰে চাৰিজন দুৰ্ধৰ্ষ গৰু চোৰক কৰায়ত্ত কৰিবলৈ সক্ষম হয়।,চামগুৰি আৰক্ষীৰ জালত অস্ত্ৰসহ ডকাইত আৰু চাৰি দুৰ্ধৰ্ষ গৰু চোৰ,সৰ্বভাৰতীয় পৰিস্থিতিৰ পৰা আঁতৰত ৰাখি,0.0,0.0,0.0,0.0,[0.7071085572242737],[0.7097887992858887],[0.708446204662323]
"ৰবীন মহন্ত, বৰহোলাঃ বৰহোলা নিবাসী বৰকছাৰী উচ্চ ইংৰাজী বিদ্যালয়ৰ প্ৰতিষ্ঠাপক প্ৰধান শিক্ষক শশী বৰাৰ কদেওবাৰে যোৰহাট মিছন হাস্পটালত সন্ধিয়া ৬৮ বছৰ বয়সত মৃত্যু হয়।",বৰকছাৰী উচ্চতৰ মাধ্যমিক বিদ্যালয়ৰ অৱসৰপ্ৰাপ্ত অধ্যক্ষ শশী বৰাৰ মৃত্যু,কোৱাৰ্টাৰতে ধৰি ৰাখিলে হেঁচুৱা হ,0.0,0.0,0.0,0.0,[0.6834731101989746],[0.6544469594955444],[0.6686451435089111]
নলবাৰীঃ সোমবাৰে অসম খাদী বৰ্ডৰ অধ্যক্ষ তথা অগপ নেতা ডাঃ কমলা কলিতাই আমচাঙৰ উচ্ছেদ অভিযান দুখলগা বুলি কয়।,আমচাঙৰ উচ্ছেদ সন্দৰ্ভত চৰকাৰ সজাগ হ'ব লাগিছিল,সৰ্বভাৰতীয় পৰিস্থিতিৰ সৈতে মোকাবিলা কৰক,0.0,0.0,0.0,0.0,[0.6983281970024109],[0.6891539096832275],[0.6937106847763062]
নগাঁও ক্ৰীড়া সংস্থাৰ উদ্যোগত দেওবাৰৰ পৰা নগাঁও চহৰৰ ঐতিহ্যমণ্ডিত নুৰুল আমিন ষ্টেডিয়ামত আৰম্ভ হ'ল ৭০ সংখ্যক স্বাধীনতা দিৱস কাপ প্ৰাইজমানি ফুটবল প্ৰতিযোগিতা।,নগাঁৱত ৭০ সংখ্যক স্বাধীনতা দিৱস কাপ প্ৰাইজমানি ফুটবল প্ৰতিযোগিতা আৰম্ভ,কোৰোনা ভাইৰাছৰ পৰা বাচিবলৈ ধৰক..,0.0,0.0,0.0,0.0,[0.6990881562232971],[0.6543872356414795],[0.6759995818138123]
"দৈনিক জনমভূমি"" ৰ নগাঁৱৰ সাংবাদিক ভাস্কৰজ্যোতি মেধিলৈ আগবঢ়োৱা হৈছে ""অনুপ্ৰেৰণা""বঁটা।",নগাঁৱৰ সাংবাদিক ভাস্কৰজ্যোতি মেধিলৈ অনুপ্ৰেৰণা বঁটা,সৰ্বভাৰতীয় পৰিস্থিতিৰ পৰিৱৰ্তন হ',0.0,0.0,0.0,0.0,[0.697802722454071],[0.6687052249908447],[0.682944118976593]
"হাউচ ৱাইফৰ বিলৈ - প্ৰণীতা গোস্বামী বৰঠাকুৰ নুশুনি নগমি এদিন ভাবিলো চৰু নধৰো আজি ""বুঢ়া বুঢ়ীৰ সাধুলৈ"" মনত পেলাই থাকিলো পেচ পাতি।",হাউচ ৱাইফৰ বিলৈ - প্ৰণীতা গোস্বামী বৰঠাকুৰ - ফটাঢোল,সৰ্বভাৰতীয় পৰিস্থিতিৰ পৰিৱৰ্তন হ',0.0,0.0,0.0,0.0,[0.6837999224662781],[0.6764982342720032],[0.6801294684410095]
জ এ.এছ.এন. প্ৰতিনিধি / 2019 শিলচৰৰ পৰা আব্দুল আলিম চৌধুৰীৰ প্রতিবেদন : জোৱাই-বদৰপুৰ ৰাষ্ট্ৰীয় ঘাইপথৰ মালিডহৰ হৈ বৰাকত ৰাতিৰ আন্ধাৰত প্ৰতিদিনেই সোমাইছে ৩০/৪০ খনকৈ কয়লাভৰ্তি ট্ৰাক।,বৰাকত কয়লাৰ অবৈধ ব্যৱসায় : তদন্তৰ বাবে উপস্থিত চিআইডিৰ দল,সৰ্বাত্মক বৰষুণৰ পিছত সৰ্বভাৰতীয় পৰিস্থিতিৰ,0.0,0.0,0.0,0.0,[0.7308505773544312],[0.7344608902931213],[0.7326512932777405]
"কৌতুক 10 স্মাৰ্ট আংকোলৰ স্মাৰ্ট উত্তৰ - কবিতা ডেকা আমাৰ আংকোল সৰুৰে পৰাই স্মাৰ্ট বুলি সৰ্বজনবিদিত৷ তেওঁৰ প্ৰিয় খাদ্যৰ তালিকাত যেনেকৈ প্ৰথমতে চেনি আছে, ঠিক সেইদৰে তেওঁৰ প্ৰিয় বিষয়ৰ তালিকাৰ নাম্বাৰ ওৱানত আছে. . . অ', ঠিকেই অনুমান কৰিছে হিংলিছ মানে আমাৰ গাঁৱলীয়া মানুহৰ ভাষাত অংৰেজী৷ মই আকৌ সেই বিষয়ত একেবাৰে অপৈণত৷ মোৰ ল'ৰাৰ পৰীক্ষা পালেহি৷ তাক ইংৰাজী পঢ়াই থাকোঁতে সুধিলে বোলে মা শব্দৰ বিপৰীত শব্দ কি?",স্মাৰ্ট আংকোলৰ স্মাৰ্ট উত্তৰ - কবিতা ডেকা - ফটাঢোল,বিৰোধীৰ পৰা আঁতৰত ৰাখিম বিজেপিক,0.0,0.0,0.0,0.0,[0.6599697470664978],[0.6692290306091309],[0.6645671129226685]
"ব্রাজিল শ্বুটিং বিশ্বকাপঃ ইলা বেনিনৰ স্বর্ণ আগস্ট ৩০, ২০১৯ 0 ১৯৪ বিশ্ব দৰবাৰত আকো ভাৰতীয় যুৱতীৰ স্বর্ণ।",ব্রাজিল শ্বুটিং বিশ্বকাপঃ ইলা বেনিনৰ স্বর্ণ - ভাল খবৰ,সৰ্বভাৰতীয় পৰিস্থিতিৰ পৰ্যালোচনা কৰিব নোৱ,0.0,0.0,0.0,0.0,[0.6590893268585205],[0.6603414416313171],[0.6597147583961487]
"শিলচৰৰ জিলা গ্রন্থাগাৰত ""সামাজিক শীৰ্ষক শিবিৰ অনুষ্ঠিত শিলচৰৰ জিলা গ্রন্থাগাৰত ৰবিবাৰে ""সামাজিক শিবিৰ"" অনুষ্ঠিত হয় এই উপলক্ষে আয়োজিত এক অনুষ্ঠানত কানপুৰৰ কৃত্রিম অঙ্গ উৎপাদন সংস্থা কর্পোৰেছনৰ সহযোগিতাত আই চি ডিএছ প্রকল্পৰ অঞ্চলত বিশেষভাবে সক্ষম ব্যক্তিৰ মাজত আনুষ্ঠানিকভাবে যন্ত্রপাতি বিতৰণ কৰা হয়।","শিলচৰৰ জিলা গ্রন্থাগাৰত ""সামাজিক অiধিকাৰিতা শীৰ্ষক শিবিৰ অনুষ্ঠিত",কোৱাৰ্টাৰতে ধৰি ৰাখিম ডিষ্ট্ৰিক্ট,0.0,0.0,0.0,0.0,[0.6984173059463501],[0.6758566498756409],[0.686951756477356]
তামুলপুৰঃ ভাৰত চৰকাৰৰ নীতি আয়োগৰ পৰিকল্পনা অনুসৰি বাক্সা জিলাৰ তামুলপুৰ খণ্ড প্ৰাথমিক শিক্ষা বিষয়াৰ কাৰ্যালয়ৰ অন্তৰ্গত ১৮২ নং বৰখোপা প্ৰাথমিক বিদ্যালয়ত বৃহস্পতিবাৰে এটা পুথি ভঁৰাল উন্মোচন কৰা হয়।,তামুলপুৰৰ প্ৰাথমিক বিদ্যালয়ত পুথিভঁৰাল উন্মোচন,কোৱাৰ্টাৰ আজৱ,0.0,0.0,0.0,0.0,[0.7077265381813049],[0.6570699214935303],[0.6814581751823425]
ডিব্ৰুগড় জিলাৰ ৰহমৰীয়া আৰক্ষী থানাৰ অন্তৰ্গত থানাই চাহ বাগিচাত আজি অসম চাহ মজদুৰ সংঘৰ ডিব্ৰুগড় শাখা আৰু আটছাৰ উদ্যোগত এখন নিচাবিৰোধী সজাগতা সভা অনুষ্ঠিত হয়।,থানাই চাহ-বাগিচাত নিচাবিৰোধী সজাগতা সভা অনুষ্ঠিত,সৰ্বভাৰতীয় পৰিস্থিতিৰ পৰিৱৰ্তন হ',0.0,0.0,0.0,0.0,[0.6894830465316772],[0.6726317405700684],[0.6809531450271606]
জ এ.এছ.এন. প্ৰতিনিধি 29 / 2018 আজি নগাঁও জিলা আইন সেৱা প্ৰাধিকাৰীৰ উদ্যোগত ৰেগিঙৰ ভয়াৱহতা তথা ৰেগিঙৰ প্ৰতিৰোধ আৰু প্ৰতিকাৰ আইনৰ ওপৰত আইন সেৱা প্ৰাধিকাৰীৰ সভাকক্ষত এখনি সজাগতা সভা অনুষ্ঠিত হৈ যায়।,নগাঁৱত ৰেগিং প্ৰতিৰোধ আৰু প্ৰতিকাৰ আইন সন্দৰ্ভত সজাগতা সভা,সৰ্বভাৰতীয় পৰিস্থিতিৰ পৰা ফালৰি কাটিব,0.0,0.0,0.0,0.0,[0.706180989742279],[0.6804066300392151],[0.6930542588233948]
"বোকাখাতৰ আবকাৰী বিভাগে গোলাঘাট সদৰ আবকাৰী বিভাগৰ সহযোগত মহকুমাটোৰ নুমলীগড়ৰ ধনশিৰি দলঙৰ সমীপত বৃহস্পতিবাৰে বিলাতী সুৰা ভৰ্তি তিনিখন ট্ৰাক জব্দ কৰে ৷ গোপন সুত্ৰৰ আধাৰত চলোৱা এই অভিযানৰ নেতৃত্ব দিছিল আবকাৰী বিভাগৰ বোকাখাতৰ বিষয়া শান্তনু হাজৰিকা, উপ পৰিদৰ্শৰ নিৰঞ্জন দাস আৰু নৱনীত আগৰৱালাই ৷ অৰুণাচলৰ নাহৰলাগুনৰ পৰা টিজুলৈ নি থকা অৱস্থাত এই সুৰাৰ গাড়ী তিনিখন জব্দ কৰে আবকাৰী বিভাগে ৷ পথ নিৰ্দেশনা অমান্য কৰাৰ অপৰাধতে গাড়ী তিনিখন জব্দ কৰা বুলি জনাইছে বোকাখাতৰ আৱকাৰী বিভাগে।",আবকাৰী বিভাগৰ ৩৬ ঘন্টা জোৰা অভিযান : অৰুণাচলৰ পৰা অনা তিনি ট্ৰাক সুৰা জব্দ,বৰষুণৰ ফলত সৰ্বাত্মকভাৱে বৰ্দ্ধিত হৈ পৰ,0.0,0.0,0.0,0.0,[0.7163102626800537],[0.720032811164856],[0.7181667685508728]
গল্প 3 নতুন আইন - কমল তালুকদাৰ কাউৰীয়ে কা নকৰোঁতে পানীৰামে আজি শোৱাপাটী এৰিছে।,নতুন আইন - কমল তালুকদাৰ - ফটাঢোল,সৰ্বভাৰতীয় পৰিস্থিতিৰ পৰিৱৰ্তন হ',0.0,0.0,0.0,0.0,[0.637071430683136],[0.6702888607978821],[0.6532581448554993]
নলবাৰীঃ নলবাৰী জিলাৰ অমায়াপুৰ গাঁৱৰ বিশিষ্ট সাংবাদিক প্ৰাঞ্জল শৰ্মাক খৈৰাবাৰী প্ৰেছ ক্লাৱ আৰু এন ইলাইভে প্ৰশংসা পত্ৰ প্ৰদান কৰে৷ ওদালগুৰি জিলাৰ খৈৰাবাৰী প্ৰেছ ক্লাৱ আৰু এনই লাইভৰ উদ্যোগত খৈৰাবাৰী মহাবিদ্যালয় প্ৰাংগনত ৰবিবাৰে অনুষ্ঠিত হোৱা সাংবাদিক কৰ্মশালাত সাংবাদিকজনক প্ৰদান কৰে প্ৰশংসা পত্ৰ।,নলবাৰীৰ সাংবাদিক প্ৰাঞ্জল শৰ্মাক প্ৰশংসা পত্ৰ প্ৰদান,ook ধৰি ধৰা পৰিসমাপ্তিৰ বাবে..,0.0,0.0,0.0,0.0,[0.6792218685150146],[0.6632862687110901],[0.6711595058441162]
"অসমত কোনো দিন প্ৰযোজ্য নহয় ইনাৰ লাইন পাৰ্মিট 2 পৰিবহন আইন উলংঘা কৰা সৰু-বৰ যান -বাহনে ভৰি পৰিল শিৱসাগৰৰ পৰিবহন কাৰ্য্যালয়ৰ চৌহদ 4 ষ্টাফৰিপোৰ্টাৰ, ১৩আগষ্ট ইতিবাচক খবৰৰ নিউজ পৰ্টে'ল এন ই ফকাচ ডট কম এ দ্বিতীয় বৰ্ষত ভৰি দিলে।",ইতিবাচক খবৰৰ নিউজ পৰ্টে'ল এন ই ফকাচ ডট কমৰ  দ্বিতীয় বৰ্ষপূৰ্তি,কোৰোনা ভাইৰাছৰ আতংকঃ ্মীয়্মীয়্মীয় পৰম্পৰাগত,0.0,0.0,0.0,0.0,[0.6466931104660034],[0.6650599241256714],[0.6557479500770569]
"দৰঙীয়া কথিত ভাষাত লিখা এখন প্ৰেম পত্ৰ - অবিনাশ শৰ্মা শ্ৰী হৰি মৰমৰ ব্যাসপেন্নি, পথ্থমে মোৰ মৰম লবি।",দৰঙীয়া কথিত ভাষাত লিখা এখন প্ৰেম পত্ৰ - অবিনাশ শৰ্মা - ফটাঢোল,সৰ্বভাৰতীয় পৰিস্থিতিৰ পৰা আঁতৰত ৰাখি,0.0,0.0,0.0,0.0,[0.7055338025093079],[0.6933974027633667],[0.6994129419326782]
চোৰাং কাঠৰ অবৈধ সৰবৰাহকাৰীৰ বিৰুদ্ধে কোকৰাঝাৰত অব্যাহত আছে বন বিভাগৰ অভিযান।,কোকৰাঝাৰ আৰু চিৰাঙত চোৰাং কাঠ সৰবৰাহকাৰীৰ বিৰুদ্ধে অভিযান,সৰ্বভাৰতীয় পৰিস্থিতিৰ পৰিৱৰ্তন হ',0.0,0.0,0.0,0.0,[0.6981733441352844],[0.6885623335838318],[0.6933345198631287]
ডিব্ৰুগড়ঃ হত্যাৰ ২৬ বছৰৰ পাছতো শ্বহীদ সাংবাদিক কমলা শইকীয়াৰ হত্যাকাৰীক শাস্তি প্ৰদান কৰিব নোৱৰা কাৰ্যত ক্ষোভ প্ৰকাশ কৰিছে বৃহত্তৰ ডিব্ৰুগড় প্ৰেছ ক্লাবে।,ডিব্ৰুগড় প্ৰেছ ক্লাবত শ্বহীদ সাংবাদিক কমলা শইকীয়াক স্মৰণ,সৰ্বাত্মক বৰষুণৰ ফলত সৰ্বভাৰতীয় পৰিস্থিতিৰ,0.0,0.0,0.0,0.0,[0.6902077198028564],[0.6681675910949707],[0.6790088415145874]
"নৱেম্বৰ ১৯, ২০১৯ 0 ১১১ আপুনি হয়তাে এণ্ড্রয়ড ম'বাইলৰ কথা শুনিছে বা ব্যৱহাৰ কৰিছে?",এণ্ড্রয়ড স্কুটাৰ - ভাল খবৰ,সৰ্বাত্মক ভাৱে সৰবৰাহ কৰা হ'ব,0.0,0.0,0.0,0.0,[0.6515401601791382],[0.6689966320991516],[0.6601530313491821]
নলবাৰীঃ নলবাৰী জিলাৰ একমাত্ৰ উন্নত চিকিৎসালয় শ্বহীদ মুকুন্দ কাকতি অসামৰিক চিকিৎসালয়খনিত চৰকাৰী স্বাস্থ্য সেৱাৰ লগতে বিভিন্ন কামত যোৱা ৰাইজক এচাম কৰ্মচাৰীয়ে বাঘ-ভালুক দেখাই হাৰাশাস্তি কৰাৰ অভিযোগ দীৰ্ঘদিনৰ।,"শ্বহীদ মুকুন্দ কাকতি অসামৰিক চিকিৎসালয়ত কৰ্মচাৰীয়ে চলাই আছে দালাল-ৰাজ, ভুক্তভোগী সংবাদকৰ্মী প্ৰাঞ্জল শৰ্মাৰ অভিযোগ",কোৰোনা ভাইৰাছৰ কবলত পৰিছে ডিষ্ট্ৰিক্ট ডিষ্ট্,0.0,0.0,0.0,0.0,[0.6859606504440308],[0.6498934626579285],[0.6674401760101318]
"নলবাৰীঃ নলবাৰী জিলাৰ দক্ষিণ প্ৰান্তৰ দুগৰাকী অৱসৰপ্ৰাপ্ত শিক্ষক, সমাজকৰ্মী, অভিনেতাৰ মৃত্যুই সমগ্ৰ জিলা খনতে শোকৰ ছাঁ পেলাইছে।","নলবাৰীত দুই শিক্ষক, অভিনেতাৰ মৃত্যুত শোক",সৰ্বভাৰতীয় পৰিস্থিতিৰ পৰিৱৰ্তন হ',0.0,0.0,0.0,0.0,[0.6592673063278198],[0.6508570313453674],[0.655035138130188]
শিলচৰ লোকসভা সমষ্টিৰ অন্তৰ্গত সোনাই বিধানসভাৰ ১২ নম্বৰ কচুদৰম গাঁৱৰ ৰাইজে ভোট বৰ্জনৰ সিদ্ধান্ত লৈছে।,সোনাইৰ ১২ নম্বৰ কচুদৰমবাসীৰ ভোট বৰ্জনৰ সিদ্ধান্ত,সৰ্বভাৰতীয় পৰিস্থিতিৰ পৰিৱৰ্তন হ',0.0,0.0,0.0,0.0,[0.7023818492889404],[0.7110960483551025],[0.7067121267318726]
লাহোৱালঃ ঐতিহ্যমণ্ডিত কটন বিশ্ববিদ্যালয়ৰ ছাত্ৰ একতা সভাই বিশ্ববিদ্যালয়ৰ নাগৰিকত্ব সংশোধনী বিধেয়কখনৰ বিৰোধিতাত বুধবাৰৰপৰা অনিৰ্দিষ্টকালীন শ্ৰেনীবৰ্জন কাৰ্য্যসূচী ঘোষণা কৰাৰ পিছতে ডিব্ৰুগড় বিশ্ববিদ্যালয় স্নাতকোত্তৰ ছাত্ৰ একতা সভায়ো অনিৰ্দিষ্টকালীন শ্ৰেণী বৰ্জনৰ সিদ্ধান্ত লয়।,ডিব্ৰুগড় বিশ্ববিদ্যালৰ চৌহদত সোমাব নোৱাৰিব ৰাষ্ট্ৰশক্তিৰ ভৃত্য-দালাল,কোৰোনা ভাইৰাছৰ ৰমৰমীয়া ব্যৱহাৰেৰে,0.0,0.0,0.0,0.0,[0.7452862858772278],[0.7004439234733582],[0.7221696376800537]
"চিকিৎসা বিজ্ঞানৰ বৃহৎ সফলতা নৱেম্বৰ ১৪, ২০১৯ 0 ১০১ চিকিৎসা বিজ্ঞানীসকলে এটাৰ পিছত আন এটা সাফল্য অর্জন কৰি আহিছে।",চিকিৎসা বিজ্ঞানৰ বৃহৎ সফলতা - ভাল খবৰ,কোৱাৰ পিছত সৰ্বভাৰতীয় পৰম্পৰাগত সাজ-,0.0,0.0,0.0,0.0,[0.664460301399231],[0.660376250743866],[0.6624120473861694]
"নলবাৰীঃ নলবাৰীৰ নাট্য মন্দিৰ প্ৰাংগনত অসম সাংবাদিকৰ সংগ্ৰামী মঞ্চ, আছাম প্ৰেছ কৰেছপণ্ডেন্টেছ ইউনিয়ন (আপকু)ৰ ৰূপালী জয়ন্তী সমাৰোহৰ বিশেষ অনুষ্ঠান তথা আপকুৰ নলবাৰী জিলা সমিতিৰ প্ৰতিষ্ঠা দিৱস বৃস্তিত কাৰ্যসূচীৰে ১০ আৰু ১১ ছেপ্টেম্বৰত উদযাপন কৰা হ'ব।",নলবাৰীত আপকুৰ ৰূপালী জয়ন্তীৰ বিশেষ অনুষ্ঠান,ডিষ্ট্ৰিক্ট ষ্টুডেণ্টছ এক্ট'ৰ দ্বাৰা সৰ,0.0,0.0,0.0,0.0,[0.6779473423957825],[0.6686894297599792],[0.6732865571975708]
অসমত কোনো দিন প্ৰযোজ্য নহয় ইনাৰ লাইন পাৰ্মিট 2 পৰিবহন আইন উলংঘা কৰা সৰু-বৰ যান -বাহনে ভৰি পৰিল শিৱসাগৰৰ পৰিবহন কাৰ্য্যালয়ৰ চৌহদ 4 ওদালগুৰি : আজি বিশ্ব হেপাটাইটিছ দিৱস।,বিশ্বনাথত বিশ্ব হেপাটাইটিছ দিৱস পালন,সৰ্বাত্মক বৰষুণৰ ফলত সৰ্বভাৰতীয় পৰিস্থিতিৰ,0.0,0.0,0.0,0.0,[0.6434010863304138],[0.6841005682945251],[0.6631268858909607]
মঙলবাৰে মেঘালয়ৰ মাওফলাং বিধানসভা সমষ্টিৰ নিৰ্দলীয় বিধায়ক ছিণ্টাৰ ক্লাছ ছানে আনুষ্ঠানিকভাৱে য়ুনাইটেড ডেমক্ৰেটিক পাৰ্টিত চমুকৈ য়ু ডি পিত যোগদান কৰিছে।,মাওফলাং বিধানসভাৰ ছিণ্টাৰ ছানৰ য়ুনাইটেড ডেমক্ৰেটিক পাৰ্টিত যোগদান,সৰ্বভাৰতীয় পৰিস্থিতিৰ পৰিৱৰ্তন হ',0.0,0.0,0.0,0.0,[0.7000046372413635],[0.6692662835121155],[0.6842904090881348]
"দৰঙীয়া কথিত ভাষাত লিখা এখন প্ৰেম পত্ৰ - অবিনাশ শৰ্মা শ্ৰী হৰি মৰমৰ ব্যাসপেন্নি, পথ্থমে মোৰ মৰম লবি।",দৰঙীয়া কথিত ভাষাত লিখা এখন প্ৰেম পত্ৰ - অবিনাশ শৰ্মা - ফটাঢোল,সৰ্বভাৰতীয় পৰিস্থিতিৰ পৰা আঁতৰত ৰাখি,0.0,0.0,0.0,0.0,[0.7055338025093079],[0.6933974027633667],[0.6994129419326782]
"গোগামুখঃ ধেমাজি জিলাৰ এগৰাকী মৌজাদাৰে টকা নিদিলে নকৰে কাম৷ মৌজাদাৰ গৰাকীয়ে টকা সুধিবলৈ ভয়-ভিত নকৰে৷ কৃষক, ব্যৱসায়ী, ছাত্ৰ নেতা কোনোৱে টকা নিদিয়াকৈ কাম আদায় কৰিব নোৱাৰে মৌজাদাৰগৰাকীৰ পৰা৷ জিলাখনৰ বৰদলনি মৌজাৰ মৌজাদাৰৰ বিৰুদ্ধে এই অভিযোগ এতিয়া সৰ্বত্ৰে৷ পইছা বিচৰা সন্দৰ্ভত জানিবলৈ গৈ আজি মৌজাদাৰগৰাকীয়ে সাংবাদিকৰ লগতে ছাত্ৰ নেতাক অপদস্থ কৰা ঘটনাই অঞ্চটোত প্ৰতিক্ৰিয়াৰ সৃষ্টি কৰিছে।",টকা নিদিলে কাম নকৰে মৌজাদাৰ ৰাকেশে,বৰ্ষীয়ান পৰম্পৰাগত খাদ্য সামগ্ৰীৰ পৰা,0.0,0.0,0.0,0.0,[0.658174455165863],[0.676823616027832],[0.6673687100410461]
জ এ.এছ.এন. প্ৰতিনিধি / 2020 শিৱসাগৰৰ পৰা কল্যাণজ্যোতি বুঢ়াগোহাঁই: 'কা' বিৰোধী আন্দোলনত অংশ লৈ কাৰাবাসৰ পৰা মুক্তি লাভ কৰি সোমবাৰে শিৱসাগৰত উপস্থিত হয়হি বীৰ লাচিত সেনাৰ নেতা শৃংখল চলিহা।,২২ টা দিন কাৰাৰুদ্ধ জীৱন কটাই স্বগৃহত উপস্থিত শৃংখল চলিহা,সৰ্বভাৰতীয় পৰিস্থিতিৰ পৰিৱৰ্তন হ',0.0,0.0,0.0,0.0,[0.728592038154602],[0.7035272121429443],[0.7158402800559998]
"কোকিলকন্ঠী লতা মংগেশকাৰলৈ বিৰল সন্মান ২৮ ছেপ্টেম্বৰত প্ৰদান কৰা হব এই সন্মান চেপ্টেম্বৰ ৭, ২০১৯ 0 ২১৮ সংগীত মানেই যেন লতা মংগেশকাৰ।",কোকিলকন্ঠী লতা মংগেশকাৰলৈ বিৰল সন্মান - ভাল খবৰ,সৰ্বভাৰতীয় পৰিস্থিতিৰ পৰিৱৰ্তন হ',0.0,0.0,0.0,0.0,[0.6827097535133362],[0.6698676347732544],[0.6762276887893677]
উজ এ.এছ.এন. প্ৰতিনিধি / 2019 শিলচৰৰ পৰা আব্দুল আলিম চৌধুৰীৰ প্রতিবেদন : কাছাৰ জিলাৰ ধলাইৰ ৰজনীখালত বন বিভাগৰ ভূমি দখল কৰি বসতি স্থাপন কৰা ৮২ টা পৰিয়ালৰ ঘৰ আজি এজাক হাতীৰ সহযোগত লণ্ডভণ্ড কৰি পেলাই কাছাৰ জিলা প্রশাসনে।,কাছাৰৰ ধলাইত বন বিভাগে চলালে দিনজোৰা উচ্ছেদ অভিযান,ফণি'ৰ পৰা ফালৰি কাটি সৰবৰাহ কৰ,0.0,0.0,0.0,0.0,[0.7284131050109863],[0.7037373781204224],[0.7158626317977905]
"ইন্ধনৰে নহয় হাইড্রজেনেৰে চলিব গাড়ী নৱেম্বৰ ১৪, ২০১৯ 0 ৮৪ এইবাৰ গাড়ী তেলেৰে নহয়, চলিব হাইড্রজেনত।",ইন্ধনৰে নহয় হাইড্রজেনেৰে চলিব গাড়ী - ভাল খবৰ,সৰ্বভাৰতীয় পৰিস্থিতিৰ পৰিৱৰ্তন হ',0.0,0.0,0.0,0.0,[0.6674099564552307],[0.6723053455352783],[0.6698487401008606]
ওদালগুৰিঃ ওদালগুৰি জিলাৰ ওৰাং উচ্চতৰ মাধ্যমিক বিদ্যালয়ৰ অধ্যক্ষ পূণ্য প্ৰসাদ উপাধ্যায়ে ছাত্ৰী সকলৰ বাবে চৰকাৰে প্ৰদান কৰা সৌৰশক্তিৰে চালিত লেম্পৰ বাবে ৫০ টকাকৈ সংগ্ৰহ কৰে।,ছাত্ৰ-ছাত্ৰীক ফাঁকি দি টকা সংগ্ৰহ অধ্যক্ষৰ,সৰ্বভাৰতীয় পৰিস্থিতিৰ পৰা আঁতৰত ৰাখি,0.0,0.0,0.0,0.0,[0.6789557933807373],[0.6755680441856384],[0.6772576570510864]
ডিব্ৰুগড়ঃ বানপানীৰ পিছত এইবাৰ ডিব্ৰুগড় জিলাত ভয়াৱহ ৰূপ ধাৰণ কৰিছে জাপানীজ এনকেফেলাইটিছ আৰু এনকেফেলাইটিছ সদৃশ ৰোগে।,ধিক স্বাস্থ্য বিভাগ! ডিব্ৰুগড়ত এনকেফেলাইটিছত ৩১জনৰ মৃত্যু,সৰ্বভাৰতীয় পৰিস্থিতিৰ পৰিৱৰ্তন হ',0.0,0.0,0.0,0.0,[0.6955868601799011],[0.6729605793952942],[0.6840866804122925]
দলংঘাটঃ দৰং জিলাৰ ঐতিহ্যমণ্ডিত দেওমৰনৈ স্নাতক মহাবিদ্যালয়ত মঙলবাৰে ছাত্ৰ একতা সভাৰ এখন বিশেষ সভা অনুষ্ঠিত হৈ যায়৷ সভাত মহাবিদ্যালয় খনৰ ছাত্ৰ একতা সভাৰ নৱনিৰ্বাচিত সদস্যসকলক শপত গ্ৰহণ কৰাৰ লগতে বিশিষ্ট ব্যক্তিক সম্বৰ্ধনা যাচে মহাবিদ্যালয় কৰ্তৃপক্ষই৷ মঙলবাৰে পুৱা মহাবিদ্যালয় খনৰ অধ্যক্ষা ড০ গীতালি কলিতাই পতাকা উত্তোলন কৰাৰ পিছতে সদৌ অসম ছাত্র সন্থাৰ পতাকা উত্তোলন কৰে মহাবিদ্যালয় ছাত্ৰ একতা সভাৰ প্ৰাক্তন সাধাৰণ সম্পাদক চন্দন বৈশ্যই৷ মহাবিদ্যালয় ছাত্ৰ একতা সভাৰ পতাকা উত্তোলন কৰে ছাত্ৰ একতা সভাৰ উপ-সভাপতি নিখিল শৰ্মাই৷ শ্বহীদ তৰ্পণ কৰে মহাবিদ্যালয়ৰ কাৰ্যলয় সহায়ক নিপাংক শৰ্মাই৷ মহাবিদ্যালয়ৰ প্ৰাচীৰ পত্ৰিকা উন্মোচন কৰে মহাবিদ্যালয়ৰ সহকাৰী অধ্যাপক হেমচন্দ্র চহৰীয়াই।,"দেওমৰনৈ স্নাতক মহাবিদ্যালয়ত ছাত্ৰ-ছাত্ৰী, শিক্ষকৰ বিশেষ সভা",বৰষুণে ঠনঠন কৰিছে সৰ্বস্ব,0.0,0.0,0.0,0.0,[0.6627136468887329],[0.6169142127037048],[0.6389943361282349]
মাৰ্ঘেৰিটাঃ তিনিচুকীয়া জিলাৰ মাৰ্ঘেৰিটা আৰক্ষী থানাৰ অন্তৰ্গত বৰগোলাইত ৰন্টিক্স নামৰ ব্যক্তিগত চিকিৎসা প্ৰতিষ্ঠানটোৰ সন্মুখত শুকুৰবাৰে নিশাৰ ভাগত এক দুৰ্ঘটনা সংঘটিত হয়।,"মাৰ্ঘেৰিটাত শিহৰণকাৰী দুৰ্ঘটনা, এজন নিহত",সৰ্বভাৰতীয় পৰিস্থিতিৰ পৰা আঁতৰত ৰাখি,0.0,0.0,0.0,0.0,[0.7101178765296936],[0.6908226609230042],[0.7003373503684998]
নলবাৰীঃ নলবাৰীৰ বৰাজোলত দীনদয়াল উপাধ্যায় গ্ৰাম্য জ্যোতি আঁচনিৰ অধীনৰ ইলেক্ট্ৰিকেল সামগ্ৰী বিতৰণ কৰা হয়।,নলবাৰীত ইলেক্ট্ৰিকেল সামগ্ৰী বিতৰণ,সৰ্বভাৰতীয় পৰিস্থিতিৰ পৰিৱৰ্তন হ',0.0,0.0,0.0,0.0,[0.7054702639579773],[0.6989656090736389],[0.7022028565406799]
"কামপুৰঃ বৃহস্পতিবাৰে নগাঁও জিলাৰ কন্দলী পাহাৰৰ আহুতলী বনাঞ্চলত বন বিভাগে অভিযান চলাই এটি হস্তনিৰ্মিত বন্দুক উদ্ধাৰ কৰিবলৈ সক্ষম হয়৷ ৰাজ্যত প্ৰতিদিনে গঁড় হত্যা, হাতীৰ মৃত্যু হৈ অহাৰ সময়তে বনবিভাগে অভিযান চলাইকন্দলী পাহাৰৰ আহুতলী বনাঞ্চলত৷ কঠিয়াতলী বন বিষয়াৰ নেতৃত্বত যোৱা এটা দলে অভিযান চলাই উদ্ধাৰ কৰিবলৈ সক্ষম হয় বন্দুকটো।",কন্দলী পাহাৰত বন্দুক এৰি পলাল চোৰাং চিকাৰী,ডিষ্ট্ৰিক্ট ষ্ট্ৰাইক: ৰাজ্য চৰকাৰৰ প,0.0,0.0,0.0,0.0,[0.6639105677604675],[0.6468170285224915],[0.6552523374557495]
১৯৬০ চনৰ ৰাজ্য ভাষা আইন অনুসৰি তিনিচুকীয়াত ১০০ শতাংশ অসমীয়া ভাষা প্ৰয়োগৰ দাবীত আজি অসম জাতীয়তাবাদী যুৱ পৰিষদ তিনিচুকীয়া জিলা সমিতিয়ে মাৰ্ঘেৰিটাৰ মহকুমাধিপতিক এখন স্মাৰক পত্ৰ প্ৰদান কৰে।,তিনিচুকীয়াত ৰাজ্য ভাষা প্ৰয়োগৰ বাবে অসম জাতীয়তাবাদী যুৱ পৰিষদ তিনিচুকীয়া জিলা সমিতিৰ স্মাৰকপত্ৰ,কোৰোনা ভাইৰাছৰ ৰমৰমীয়া ব্যৱহাৰেৰে,0.0,0.0,0.0,0.0,[0.6842254400253296],[0.641049861907959],[0.6619343757629395]
জোনাইঃ অসমত সদ্য ঘোষিত শিক্ষক নিযুক্তি প্ৰক্ৰিয়াত বড়ো মাধ্যমৰ বিদ্যালয়ত অসমীয়া মাধ্যমৰ শিক্ষক নিযুক্তি দিয়াৰ প্ৰতিবাদ আজি সন্ধিয়া জোনাইত ধেমাজি জিলা সমিতিৰ উদ্যোগত জোঁৰ সমদল উলিয়াই প্ৰতিবাদ সাব্যস্ত কৰা হয়৷ সমগ্ৰ অসমত চাৰিশৰো অধিক তথা ধেমাজি জিলাত বিশ জন নিযুক্তি দিয়া বুলি জানিব পৰা গৈছে।,বড়ো মাধ্যমৰ বিদ্যালয়ত অসমীয়া মাধ্যমৰ শিক্ষক নিযুক্তিৰ প্ৰতিবাদত উত্তাল জোনাই,কোৱাৰ্টাৰ আজৱ কাণ্ডকলৈ সঁহাৰি,0.0,0.0,0.0,0.0,[0.6768696904182434],[0.6452491283416748],[0.6606813073158264]
"ষড়ানন বৰা, চামগুৰিঃ নগাঁও জিলাৰ চামগুৰিৰ বিভিন্ন স্থানত ব্যাপক হাৰত চলি থকা বন ধ্বংসযজ্ঞৰ সময়তে বৃহস্পতিবাৰে বিয়লি কাঠপাৰাত বন বিভাগে চলায় এক বৃহৎ অভিযান।",চামগুৰিত বন বিভাগৰ বৃহৎ অভিযান,কোৰোনা ভাইৰাছৰ ৰমৰমীয়া ব্যৱহাৰেৰে,0.0,0.0,0.0,0.0,[0.7024319767951965],[0.6989922523498535],[0.7007079124450684]
"জয়ন্ত মুদৈ,নগাঁওঃ সদৌ অসম সংখ্যালঘু ছাত্ৰ ইউনিয়ন চমুকৈ আমছুৰ নগাঁও জিলা সমিতিৰ অন্তৰ্গত আলিটাঙনী আঞ্চলিক সমিতিৰ উদ্যোগত বুধবাৰে আলিটাঙনী চাৰিআলিত এখনি সজাগতামূলক সভা অনুষ্ঠিত কৰা হয়।",আমছুৰ উদ্যোগত আলিটাঙনী চাৰিআলি-বাটমাৰীত সজাগতামূলক সভা-সমদল,কোৰোনা ভাইৰাছ:  তযারিক৆ তযারিক৆ৰ বাবে ২.৫ লাখ টকাৰ,0.0,0.0,0.0,0.0,[0.6777517199516296],[0.6742066144943237],[0.6759745478630066]
দৈনন্দিন 2 অভাৰ স্মাৰ্ট পুতুকন - দীপাংকৰ চৌধুৰী বন্ধৰ দিনত পুতুকনৰ বেলেগ কাম একো নাথাকে।,অভাৰ স্মাৰ্ট পুতুকন - দীপাংকৰ চৌধুৰী - ফটাঢোল,সৰ্বভাৰতীয় পৰিস্থিতিৰ পৰিৱৰ্তন হ',0.0,0.0,0.0,0.0,[0.6738222241401672],[0.6710432171821594],[0.6724298596382141]
