Source,Prediction,Target,Rouge1,Rouge2,RougeL,RougeLsum,Precision,Recall,F1
"অঞ্জন শইকীয়া, ছতিয়াঃ যোৱা ২২ এপ্রিৰপৰা ২৪ এপ্ৰিল তাৰিখলৈকে লোকনায়ক অমিয় কুমাৰ দাস মহাবিদ্যালয়ত অনুষ্ঠিত হোৱা গুৱাহাটী বিশ্ববিদ্যালয়ৰ পূব মাণ্ডলিক আন্তঃমহাবিদ্যালয় যুৱ মহোৎসৱত বিশ্বনাথ মহাবিদ্যালয়ে সৰ্বাধিক ২০ টা পুৰস্কাৰৰ খিতাপেৰে শ্ৰেষ্ঠ মহাবিদ্যালয়ৰ খিতাপ লাভ কৰে।",লোকনায়ক অমিয় কুমাৰ দাস মহাবিদ্যালয়ত অনুষ্ঠিত হোৱা গুৱাহাটী বিশ্ববিদ্যালয়ৰ পূব মাণ্ডলিক আন্তঃমহাবিদ্যালয় যুৱ মহোৎসৱত বিশ্বনাথ মহাবিদ্যালয়ে সৰ্বাধিক ২০ টা পুৰস্কাৰৰ খিতাপেৰে শ্ৰেষ্ঠ মহাবিদ্যালয়ৰ খিতাপ লাভ কৰে।,গুৱাহাটী বিশ্ববিদ্যালয়ৰ পূব মাণ্ডলিক আন্তঃমহাবিদ্যালয় যুৱ মহোৎসৱত বিশ্বনাথ মহাবিদ্যালয় শ্ৰেষ্ঠ,0.5,0.4117647058823529,0.5,0.5,[0.795966386795044],[0.9029598236083984],[0.8460940718650818]
উজ এ.এছ.এন. প্ৰতিনিধি 23 / 2018 সন্মিলিত গণশক্তি চেৰপাই পঞ্চায়ত সমিতিৰ উদ্যোগত বিভিন্ন দল সংগঠনৰ সহযোগত আজি নামনি চেৰপাই-দেবোত্তৰ গাওঁ সংযোগী পথৰ কদৰ্য অৱস্হা দূৰ কৰাৰ উদ্দেশ্য শ্ৰমদানৰ কাৰ্যসূচী ৰূপায়ণ কৰা হয়।,নামনি চেৰপাই-দেবোত্তৰ গাওঁ সংযোগী পথৰ কদৰ্য অৱস্হা দূৰ কৰাৰ উদ্দেশ্য শ্ৰমদানৰ কাৰ্যসূচী,"নামনি চেৰপাই দেবোত্তৰ সংযোগী পথৰ কদৰ্য ৰূপ, গণশক্তিৰ শ্ৰমদান কাৰ্যসূচী",0.45454545454545453,0.19999999999999998,0.45454545454545453,0.45454545454545453,[0.8662500381469727],[0.9115367531776428],[0.8883165717124939]
চামগুৰিঃ নগাঁও জিলাৰ চামগুৰিত সোমবাৰে এটি যোগা প্ৰশিক্ষন কেন্দ্ৰ মুকলি কৰা হয়৷ চামগুৰিত যোগ প্ৰেৰণা-দ্যা যোগা চেন্টাৰ নামৰ যোগ প্ৰশিক্ষণটো কেন্দ্ৰটো উদ্বোধন কৰে কলিয়াবৰ জিলা বিজেপিৰ সভাপতি অনিল শইকীয়াই৷ প্ৰাক্তন সাংবাদিক তথা যোগ প্ৰশিক্ষক ৰেখামনি দাসে আঁত ধৰা উদ্বোধনী অনুষ্ঠানটোৰ মুকলি সভাত সভাপতিত্ব কৰে অসম যোগ সন্থাৰ সভাপতি প্ৰভাত চন্দ্ৰ বৰাই।,চামগুৰিঃ নগাঁও জিলাৰ চামগুৰিত সোমবাৰে এটি যোগা প্ৰশিক্ষন কেন্দ্ৰ মুকলি কৰা হয়৷ চামগুৰিত যোগ প্ৰেৰণা-দ্যা যোগা চেন্টাৰ নামৰ যোগ প্ৰশিক্ষণটো কেন্দ্ৰটো উদ্বোধন কৰে কলিয়াবৰ জিলা বিজেপিৰ সভাপতি অনিল শইকীয়াই৷ প্ৰাক্তন সাংবাদিক তথা যোগ প্ৰশিক্ষক ৰেখামনি দাসে আঁত ধৰা উদ্বোধনী অনুষ্ঠানটোৰ মুকলি সভাত সভাপতিত্ব কৰে অসম যোগ সন্থাৰ সভাপতি প্ৰভাত চন্দ্ৰ বৰাই।,চামগুৰিত যোগা কেন্দ্ৰ মুকলি,0.14545454545454545,0.03773584905660377,0.14545454545454545,0.14545454545454545,[0.59977126121521],[0.7464765906333923],[0.6651303768157959]
বঢ়মপুৰঃ অংগনৱাড়ী কৰ্মী-সহায়িকাই আজি বিভিন্ন দাবীৰ সমৰ্থনত উত্তাল প্ৰতিবাদ সাব্যস্ত কৰে চামগুৰিত।,বঢ়মপুৰঃ অংগনৱাড়ী কৰ্মী-সহায়িকাই আজি বিভিন্ন দাবীৰ সমৰ্থনত উত্তাল প্ৰতিবাদ সাব্যস্ত কৰে চামগুৰিত।,চামগুৰিত অংগনৱাড়ী কৰ্মী-সহায়িকাৰ প্ৰতিবাদ,0.25,0.0,0.25,0.25,[0.7900217175483704],[0.8972015976905823],[0.8402073383331299]
গল্প 3 নতুন আইন - কমল তালুকদাৰ কাউৰীয়ে কা নকৰোঁতে পানীৰামে আজি শোৱাপাটী এৰিছে।,"পানীৰামে আজি শোৱাপাটী এৰিছে, পানীৰামে আজি শোৱাপাটী এৰিছে",নতুন আইন - কমল তালুকদাৰ - ফটাঢোল,0.0,0.0,0.0,0.0,[0.5970562696456909],[0.6208527088165283],[0.6087220311164856]
ডিব্ৰুগড়ঃ টাই আহোম যুৱ পৰিষদৰ ২২সংখ্যাক কেন্দ্ৰীয় প্ৰতিষ্ঠা দিৱস আজি ডিব্ৰুগড় সাহিত্য সভা ভৱনত অনুষ্ঠিত হয়।,ডিব্ৰুগড়ঃ টাই আহোম যুৱ পৰিষদৰ ২২সংখ্যাক কেন্দ্ৰীয় প্ৰতিষ্ঠা দিৱস আজি ডিব্ৰুগড় সাহিত্য সভা ভৱনত অনুষ্ঠিত হয়।,ডিব্ৰুগড়ত টাই আহোম যুৱ পৰিষদৰ প্ৰতিষ্ঠা দিৱস,0.5217391304347825,0.3809523809523809,0.5217391304347825,0.5217391304347825,[0.7465142011642456],[0.8277611136436462],[0.7850411534309387]
"গোৰেশ্বৰঃ জাতি জনগোষ্ঠীৰ মিলনভূমি বিটিএডিত বহু ভাষা-ভাষী, সম্প্ৰদায়-বৰ্ণৰ লোক আছে।","গোৰেশ্বৰঃ জাতি জনগোষ্ঠীৰ মিলনভূমি বিটিএডিত বহু ভাষা-ভাষী, সম্প্ৰদায়-বৰ্ণৰ লোক আছে।",৪টা পকী পথ নিৰ্মাণৰ শুভাৰম্ভ কৰিলে গনেশ কছাৰীয়ে,0.0,0.0,0.0,0.0,[0.6498434543609619],[0.6786199808120728],[0.6639200448989868]
"সোমবাৰে বিজেপিৰ ৰাজ্যিক সভাপতি ৰঞ্জিত দাসে এক সংবাদমেল আয়োজন কৰে ৷সংবাদমেলত লৈ স্থিতি স্পষ্ট বিজেপিৰ 'অসম চুক্তি ভাৰতৰ আত্মা',অসম চুক্তিৰ পিছতো অসমত অবাধ হাৰত অনুপ্ৰৱেশ ঘাটি আছিল,দ্বিতীয় খচৰাৰ পিছতো বহু ভাৰতীয়ৰ নাম বাদ পৰিছে,৫খন নথি বাতিলৰ বাবে দিয়া শপতনামা দুৰ্ভাগ্যজনক' ৰাইজক অন্ধকাৰত ৰাখি ৰাজ্যিক সমন্বয়ক প্ৰতীক হাজেলাই শপতনামা দাখিল কৰিছে,এই কথাই বিভ্ৰান্তিৰ সৃষ্টি কৰিছে ।","এন আৰ চিৰ চূড়ান্ত খচৰা প্ৰকাশৰ পিছতো বহু ভাৰতীয়ৰ নাম বাদ পৰিছে,৫খন নথি বাতিলৰ বাবে দিয়া শপতনামা দুৰ্ভাগ্যজনক' ৰাইজক অন্ধকাৰত ৰাখি ৰাজ্যিক সমন্বয়ক প্ৰতীক হাজেলাই শপতনামা দাখিল কৰিছে,এই কথাই বিভ্ৰান্তিৰ সৃষ্টি কৰিছে ।",ৰাজ্যিক বিজেপিৰ সভাপতি ৰঞ্জিত দাসৰ সংবাদমেল,0.05128205128205128,0.0,0.05128205128205128,0.05128205128205128,[0.6001964211463928],[0.6673982739448547],[0.6320160031318665]
"ষড়ানন বৰা, চামগুৰিঃ নগাঁও জিলাৰ পুৰণিগুদাম আৰক্ষী চকীৰ অন্তৰ্গত পুৰণিগুদামত বুধবাৰে দুপৰীয়া বিদ্যুৎস্পৃষ্ট হৈ এটি পশুধনৰ মৃত্যু হয়৷ জানিব পৰা মতে, পুৰণিগুদাম বিৰিঞ্চি কুমাৰ বৰুৱা মহাবিদ্যালয়ৰ সমীপত বিগত বহু দিন ধৰি উন্মুক্ত অৱস্থাত থকা এটা বৈদ্যুতিক ট্ৰেন্সফৰ্মাৰত বিদ্যুৎস্পৃষ্ট হৈ বিষয়াচুকৰ দণ্ডী শইকীয়াৰ গাভিনী গাইজনীৰ মৃত্যু হয়৷ ইয়াৰ পূৰ্বেও উক্ত স্থানত বিদ্যুৎস্পৃষ্ট হৈ এটা পশুধনৰ মৃত্যু হোৱাৰ লগতে এজন ব্যক্তিৰ কথমপি প্ৰাণ ৰক্ষা পৰিছিল।","ষড়ানন বৰা, চামগুৰিঃ নগাঁও জিলাৰ পুৰণিগুদাম আৰক্ষী চকীৰ অন্তৰ্গত পুৰণিগুদামত বুধবাৰে দুপৰীয়া বিদ্যুৎস্পৃষ্ট হৈ এটি পশুধনৰ মৃত্যু হয়৷ জানিব পৰা মতে, পুৰণিগুদাম বিৰিঞ্চি কুমাৰ বৰুৱা মহাবিদ্যালয়ৰ সমীপত বিগত বহু দিন ধৰি উন্মুক্ত অৱস্থাত থকা এটা বৈদ্যুতিক ট্ৰেন্সফৰ্মাৰত বিদ্যুৎস্পৃষ্ট হৈ বিষয়াচুকৰ দণ্ডী শইকীয়াৰ গাভিনী গাইজনীৰ মৃত্যু হয়৷ বিদ্যুৎস্পৃষ্ট হৈ গাভিনী গাইজনীৰ মৃত্যু হোৱাৰ লগতে এজন ব্যক্তিৰ কথমপি প্ৰাণ ৰক্ষা পৰিছিল।",পুৰণিগুদামত বিদ্যৎস্পৃষ্ট হৈ পশুধনৰ মৃত্যু,0.125,0.03225806451612903,0.125,0.125,[0.6559313535690308],[0.7582968473434448],[0.7034093737602234]
জ এ.এছ.এন. প্ৰতিনিধি / 2019 ডিমৌৰ পৰা অভিজিত গগৈৰ প্ৰতিবেদন : ডিমৌস্থিত চৰকাৰী-বেচৰকাৰী বিদ্যালয়- মহাবিদ্যালয়সমূহত আজি ৫৮ সংখ্যক শিক্ষক দিৱস উদ্ যাপন কৰাৰ লগতে ৰাজমাও মধ্য ইংৰাজী বিদ্যালয়ত ব্যতিক্ৰমী ৰূপত শিক্ষক দিৱস উদযাপন কৰে।,ডিমৌৰ পৰা অভিজিত গগৈৰ প্ৰতিবেদন : ডিমৌস্থিত চৰকাৰী-বেচৰকাৰী বিদ্যালয়- মহাবিদ্যালয়সমূহত আজি ৫৮ সংখ্যক শিক্ষক দিৱস উদযাপন,ডিমৌত ৫৮ সংখ্যক শিক্ষক দিৱস উদযাপন,0.45454545454545453,0.4,0.45454545454545453,0.45454545454545453,[0.7027721405029297],[0.8811960220336914],[0.7819349765777588]
"কৌতুক - হেমন্ত মাধব নাথ শইকীয়ানী বাইদেউৰ ড্ৰয়িংৰুমৰ আড্ডাৰ কিয়দাংশ  -  -  - - শইকীয়ানী  -  বাইদেউ , আপোনালোকৰ প্ৰিন্সৰ পঢ়া শুনা কেনে চলিছে ?","কৌতুক - হেমন্ত মাধব নাথ শইকীয়ানী বাইদেউৰ ড্ৰয়িংৰুমৰ আড্ডাৰ কিয়দাংশ - - - - শইকীয়ানী - বাইদেউ , আপোনালোকৰ প্ৰিন্সৰ পঢ়া শুনা কেনে চলিছে ?",কৌতুক - হেমন্ত মাধব নাথ - ফটাঢোল,0.375,0.26666666666666666,0.375,0.375,[0.6268373131752014],[0.82247394323349],[0.711451530456543]
নলবাৰীঃ নলবাৰীৰ বৰক্ষেত্ৰী সমষ্টিৰ কামাৰকুছিত শনিবাৰে কংগ্ৰেছৰ এখন এখন সভাত অনুষ্ঠিত হয়৷ নলবাৰী জিলা কংগ্ৰেছৰ সভাপতি দিগন্ত বৰ্মনৰ সভাপতিত্বত অনুষ্ঠিত সভাত বিৰোধী দলপতি দেৱব্ৰত শইকীয়াই উপস্থিত থাকি বিজেপিক তীব্ৰ সমালোচনা কৰে৷ কেন্দ্ৰই উত্তৰ পূৰ্বাঞ্চলক বিশেষ মৰ্যদা পূৰ্ণ ৰাজ্য হিচাপে স্বীকৃতি দিয়াৰ বাবেই বিশেষ সহায় কৰি আহিছিল বুলি কয়।,নলবাৰীঃ নলবাৰীৰ বৰক্ষেত্ৰী সমষ্টিৰ কামাৰকুছিত শনিবাৰে কংগ্ৰেছৰ এখন এখন সভাত অনুষ্ঠিত হয়৷ নলবাৰী জিলা কংগ্ৰেছৰ সভাপতি দিগন্ত বৰ্মনৰ সভাপতিত্বত অনুষ্ঠিত সভাত বিৰোধী দলপতি দেৱব্ৰত শইকীয়াই উপস্থিত থাকি বিজেপিক তীব্ৰ সমালোচনা কৰে৷ কেন্দ্ৰই উত্তৰ পূৰ্বাঞ্চলক বিশেষ মৰ্যদা পূৰ্ণ ৰাজ্য হিচাপে স্বীকৃতি দিয়াৰ বাবেই বিশেষ সহায় কৰি আহিছিল বুলি কয়।,"কামাৰকুছিত কংগ্ৰেছৰ সভা, দুটা বছৰত বান সাহায্যৰ নামত একো নিদিলে",0.06896551724137931,0.0,0.06896551724137931,0.06896551724137931,[0.6588016152381897],[0.7435011267662048],[0.6985934376716614]
নলবাৰীঃ ৰাজ্যৰ বিভিন্ন ঠাইৰ লগতে নলবাৰী জিলাৰ বিভিন্ন ঠাইত দেওবাৰে ড০ ভূপেন হাজৰিকাক স্মৰণ কৰে।,নলবাৰীঃ ৰাজ্যৰ বিভিন্ন ঠাইৰ লগতে নলবাৰী জিলাৰ বিভিন্ন ঠাইত দেওবাৰে ড০ ভূপেন হাজৰিকাক স্মৰণ কৰে অগণন লোকে৷,নলবাৰীত সুধাকন্ঠ ড০ ভূপেন হাজৰিকাক আছুৰ স্মৰণ,0.3333333333333333,0.18181818181818182,0.3333333333333333,0.3333333333333333,[0.7156636118888855],[0.7679676413536072],[0.7408936619758606]
ডিজিটেল ডেস্কঃ ২০১৪ চনৰ ২ অক্টোবৰ গান্ধী জয়ন্তীৰ দিনটোতেই আৰম্ভণি হৈছিল নিকা ভাৰত গঢ়াৰ সপোন।,ডিজিটেল ডেস্কঃ ২০১৪ চনৰ ২ অক্টোবৰ গান্ধী জয়ন্তীৰ দিনটোতেই আৰম্ভণি হৈছিল নিকা ভাৰত গঢ়াৰ সপোন।,"স্বচ্ছ ভাৰত গঢ়াত বিফল মোডী, দিল্লীত অকপট স্বীকাৰ প্ৰধানমন্ত্ৰীৰ",0.08333333333333334,0.0,0.08333333333333334,0.08333333333333334,[0.7205466628074646],[0.7358351349830627],[0.7281106114387512]
গোৰেশ্বৰঃ ৰঙিয়া সমষ্টিৰ অন্তৰ্গত বিজেপিৰ গোৰেশ্বৰ মণ্ডল মহিলা মৰ্চাৰ এখন কাৰ্যনিৰ্বাহক সভা দেওবাৰে গোৰেশ্বৰ মহাবিদ্যালয় কনফাৰেঞ্চ হলত অনুষ্ঠিত হৈ যায়।,গোৰেশ্বৰঃ ৰঙিয়া সমষ্টিৰ অন্তৰ্গত বিজেপিৰ গোৰেশ্বৰ মণ্ডল মহিলা মৰ্চাৰ এখন কাৰ্যনিৰ্বাহক সভা দেওবাৰে গোৰেশ্বৰ মহাবিদ্যালয় কনফাৰেঞ্চ হলত অনুষ্ঠিত হৈ যায়।,গোৰেশ্বৰত বিজেপিৰ মহিলা মৰ্চাৰ সভা,0.32000000000000006,0.08695652173913043,0.32000000000000006,0.32000000000000006,[0.691814124584198],[0.8183107376098633],[0.7497643828392029]
নলবাৰীঃ আজি নলবাৰী জিলাৰ বেলশৰ দেৱালয় প্ৰাংগনত স্বচ্ছ ভাৰত মিছন (গ্ৰামীণ) অভিযানৰ সামৰণি অনুষ্ঠান আৰু গান্ধী জয়ন্তী জিলা ভিত্তিত উদযাপন কৰা হয়।,নলবাৰীঃ আজি নলবাৰী জিলাৰ বেলশৰ দেৱালয় প্ৰাংগনত স্বচ্ছ ভাৰত মিছন (গ্ৰামীণ) অভিযানৰ সামৰণি অনুষ্ঠান আৰু গান্ধী জয়ন্তী জিলা ভিত্তিত উদযাপন কৰা হয়।,নলবাৰীত স্বচ্ছ ভাৰত মিছন আৰু গান্ধী জয়ন্তীৰ অনুষ্ঠান সম্পন্ন,0.3870967741935484,0.20689655172413796,0.3225806451612903,0.3225806451612903,[0.7485830187797546],[0.8281877636909485],[0.7863759398460388]
বজালী মহকুমাৰ অন্তৰ্গত বৰপেটা জিলাৰ চাপাৰবড়ি হাইস্কুলত মধ্যাহ্ন ভোজনৰ নামত চৰম অনিয়ম সংঘটিত হৈ থকাৰ অভিযোগ উত্থাপন কৰিছে স্থানীয় একাংশ লোকে।,বজালী মহকুমাৰ অন্তৰ্গত বৰপেটা জিলাৰ চাপাৰবড়ি হাইস্কুলত মধ্যাহ্ন ভোজনৰ নামত চৰম অনিয়ম সংঘটিত হৈ থকাৰ অভিযোগ উত্থাপন কৰিছে স্থানীয় একাংশ লোকে।,প্ৰধান শিক্ষকৰ নিৰ্দেশত মাহত মাত্ৰ ৩-৪ দিন হে ভাত খুৱাই ছাত্ৰ-ছাত্ৰীক,0.0,0.0,0.0,0.0,[0.6620104908943176],[0.6632637977600098],[0.6626365780830383]
জ এ.এছ.এন. প্ৰতিনিধি / 2019 নগৰবেৰাৰ পৰা আব্দুল ৰছিদ বৰপেটা আৰু কামৰূপ জিলাৰ বিভিন্ন স্থানত চলিছে সুলভ মূল্যৰ চাউলৰ ৰমৰমীয়া ব্যৱসায়।,নগৰবেৰাৰ পৰা আব্দুল ৰছিদ বৰপেটা আৰু কামৰূপ জিলাৰ বিভিন্ন স্থানত চলিছে সুলভ মূল্যৰ চাউলৰ ৰমৰমীয়া ব্যৱসায়,বৰপেটাৰ মৰিচাকান্ধিত আৰক্ষীৰ অভিযানত জব্দ ৩৬ বস্তা সুলভ মূল্যৰ চাউল,0.15384615384615385,0.08333333333333334,0.15384615384615385,0.15384615384615385,[0.7535412311553955],[0.7546907663345337],[0.7541155219078064]
"ৰঙিয়াঃ শনিবাৰে কামৰূপৰ ৰঙিয়াত বিৰোধী দল কংগ্ৰেছে কেন্দ্ৰীয় আৰু ৰাজ্য চৰকাৰৰ বিৰুদ্ধে প্ৰতিবাদ সাব্যস্ত কৰে৷ বিজেপি চৰকাৰৰ জনবিৰোধী নীতি, অপশাসন আৰু পেট্ৰ'ল-ডিজেল, ৰন্ধন গেছৰ অত্যাধিক মূল্য বৃদ্ধিৰ বিৰুদ্ধে বিশ্বাসঘাতকতা দিৱস পালন কৰে।","ৰঙিয়াঃ শনিবাৰে কামৰূপৰ ৰঙিয়াত বিৰোধী দল কংগ্ৰেছে কেন্দ্ৰীয় আৰু ৰাজ্য চৰকাৰৰ বিৰুদ্ধে প্ৰতিবাদ সাব্যস্ত কৰে৷ বিজেপি চৰকাৰৰ জনবিৰোধী নীতি, অপশাসন আৰু পেট্ৰ'ল-ডিজেল, ৰন্ধন গেছৰ অত্যাধিক মূল্য বৃদ্ধিৰ বিৰুদ্ধে বিশ্বাসঘাতকতা দিৱস পালন কৰে।","ৰঙিয়াত মূল্য বৃদ্ধিৰ বিৰুদ্ধে কংগ্ৰেছৰ প্ৰতিবাদ, ঘোৰা গাড়ী, চাইকেল, ই-ৰিক্সাত উঠিল কংগ্ৰেছী",0.13636363636363635,0.09523809523809523,0.13636363636363635,0.13636363636363635,[0.7164644002914429],[0.772788405418396],[0.7435612678527832]
ৰাজ্যখনৰ ঐতিহ্যমণ্ডিত কটন বিশ্ববিদ্যালয়ত আয়োজন কৰা হৈছে এখন আন্তঃমহাবিদ্যালয় তৰ্ক প্ৰতিযোগিতাৰ।,কটন বিশ্ববিদ্যালয়ত অনুষ্ঠিত হৈছে আন্তঃমহাবিদ্যালয় তৰ্ক প্ৰতিযোগিতাৰ।,কটন বিশ্ববিদ্যালয়ত আয়োজন কৰা হৈছে আন্তঃমহাবিদ্যালয় তৰ্ক প্ৰতিযোগিতাৰ,0.6666666666666666,0.4615384615384615,0.6666666666666666,0.6666666666666666,[0.9189822673797607],[0.8924751281738281],[0.9055347442626953]
ওৰাংঃ ভাৰতীয় সেনাই ২০লাখ টকাৰে নিৰ্মাণ কৰিব মাজবাট নগৰ বালিকা বিদ্যালয়ৰ শ্ৰেণীকোঠা ৷ ভাৰতীয় সেনাৰ ৰেড হৰ্ণ ডিভিজন অ'পিৰ উদ্যোগত আজি মাজবাট নগৰ বালিকা বিদ্যালয়ত সদ্ভাৱনা কাৰ্যসূচীৰ শুভাৰম্ভ কৰি এই কথা ঘোষণা কৰে।,ওৰাংঃ মাজবাট নগৰ বালিকা বিদ্যালয়ৰ শ্ৰেণীকোঠা নিৰ্মাণ কৰা হ'ব ৷ ভাৰতীয় সেনাৰ ৰেড হৰ্ণ ডিভিজন অ'পিৰ উদ্যোগত আজি মাজবাট নগৰ বালিকা বিদ্যালয়ত সদ্ভাৱনা কাৰ্যসূচীৰ শুভাৰম্ভ কৰি এই কথা ঘোষণা কৰে।,২০ লাখ টকাৰে ভাৰতীয় সেনাই সাজি দিব বিদ্যালয় গৃহ,0.05128205128205128,0.0,0.05128205128205128,0.05128205128205128,[0.6157222986221313],[0.6793513894081116],[0.6459737420082092]
দলংঘাটঃ দৰং জিলাৰ পশ্চিম প্ৰান্তত অৱস্থিত একমাত্র উচ্চ শিক্ষানুষ্ঠান দেওমৰনৈ স্নাতক মহাবিদ্যালয়ত অসমীয়া বিভাগৰ উদ্যোগত আজি মহাবিদ্যালয়ৰ প্ৰেক্ষাগৃহত আধুনিক সমাজ আৰু লোক সংস্কৃতি শীৰ্ষক আলোচনা চক্ৰ অনুষ্ঠিত হয়।,দলংঘাটঃ দৰং জিলাৰ পশ্চিম প্ৰান্তত অৱস্থিত একমাত্র উচ্চ শিক্ষানুষ্ঠান দেওমৰনৈ স্নাতক মহাবিদ্যালয়ত অসমীয়া বিভাগৰ উদ্যোগত আজি মহাবিদ্যালয়ৰ প্ৰেক্ষাগৃহত আধুনিক সমাজ আৰু লোক সংস্কৃতি শীৰ্ষক আলোচনা চক্ৰ অনুষ্ঠিত হয়,"দেওমৰনৈত ""আধুনিক সমাজ আৰু লোক সংস্কৃতি"" শীৰ্ষক আলোচনা চক্ৰ",0.3243243243243243,0.22857142857142856,0.3243243243243243,0.3243243243243243,[0.7031059861183167],[0.8409226536750793],[0.7658637166023254]
নগাঁও জিলাৰ চামগুৰি আৰক্ষী থানাৰ অন্তৰ্গত চামগুৰি তিনি আলিত আজি সংঘটিত এক পথ দুৰ্ঘটনাত এগৰাকী শিক্ষক নিহত হোৱাৰ লগতে এজন বাইক আৰোহী আঘাত প্ৰাপ্ত হয়।,নগাঁও জিলাৰ চামগুৰি আৰক্ষী থানাৰ অন্তৰ্গত চামগুৰি তিনি আলিত আজি সংঘটিত এক পথ দুৰ্ঘটনাত এগৰাকী শিক্ষক নিহত হোৱাৰ লগতে এজন বাইক আৰোহী আঘাত প্ৰাপ্ত হয়।,পথ দুৰ্ঘটনাই প্ৰাণ কাঢ়ি নিলে এগৰাকী শিক্ষকৰ,0.125,0.0,0.125,0.125,[0.6869706511497498],[0.7689315676689148],[0.725644052028656]
গেলেকী আৰক্ষী থানাৰ ভাৰপ্ৰাপ্ত বিষয়া দ্বীপেন ছেত্ৰীৰ নেতৃত্বত আজি নাগালেণ্ডত আন্তঃৰাষ্ট্ৰীয় গাড়ী চোৰৰ বিৰুদ্ধ চলোৱা অভিযানত হাবিৰ মাজৰ পৰা এখন চুৰি টাটা চুমু গাড়ী উদ্ধাৰ কৰা হয়।,গেলেকী আৰক্ষী থানাৰ ভাৰপ্ৰাপ্ত বিষয়া দ্বীপেন ছেত্ৰীৰ নেতৃত্বত আজি নাগালেণ্ডত আন্তঃৰাষ্ট্ৰীয় গাড়ী চোৰৰ বিৰুদ্ধ চলোৱা অভিযানত হাবিৰ মাজৰ পৰা এখন চুৰি টাটা চুমু গাড়ী উদ্ধাৰ কৰা হয়।,শিৱসাগৰ আৰক্ষীয়ে নাগালেণ্ডত উদ্ধাৰ কৰিলে গুৱাহাটীৰ পৰা চুৰি হোৱা গাড়ী,0.2702702702702703,0.0,0.21621621621621623,0.21621621621621623,[0.759061872959137],[0.8279420733451843],[0.7920072078704834]
মাৰ্ঘেৰিটাঃ তিনিচুকীয়া জিলাৰ মাৰ্ঘেৰিটা আৰক্ষী থানাৰ অন্তৰ্গত বৰগোলাইত ৰন্টিক্স নামৰ ব্যক্তিগত চিকিৎসা প্ৰতিষ্ঠানটোৰ সন্মুখত শুকুৰবাৰে নিশাৰ ভাগত এক দুৰ্ঘটনা সংঘটিত হয়।,মাৰ্ঘেৰিটাঃ তিনিচুকীয়া জিলাৰ মাৰ্ঘেৰিটা আৰক্ষী থানাৰ অন্তৰ্গত বৰগোলাইত ৰন্টিক্স নামৰ ব্যক্তিগত চিকিৎসা প্ৰতিষ্ঠানটোৰ সন্মুখত শুকুৰবাৰে নিশাৰ ভাগত এক দুৰ্ঘটনা সংঘটিত হয়।,"মাৰ্ঘেৰিটাত শিহৰণকাৰী দুৰ্ঘটনা, এজন নিহত",0.0,0.0,0.0,0.0,[0.6895530223846436],[0.7596824765205383],[0.7229209542274475]
উচ্চতম ন্যায়ালয়ে সোমবাৰে এছ চি/এছ টি সংশোধনী আইন ২০১৮ৰ সাংবিধানিক বৈধতা অক্ষুন্ন ৰাখে।,ডিজিটেল ডেস্কঃ এছ চি/এছ টি সংশোধনী আইন ২০১৮ৰ সাংবিধানিক বৈধতা অক্ষুন্ন ৰাখে।,এছ চি/এছ টি সংশোধনী আইনৰ সাংবিধানিক বৈধতাক উচ্চতম ন্যায়ালয়ৰ অনুমোদন,0.45454545454545453,0.3,0.45454545454545453,0.45454545454545453,[0.8015214204788208],[0.8241828083992004],[0.8126941323280334]
নলবাৰীঃ শনিবাৰে বাঁহজানীৰ একমাত্ৰ উচ্চ শিক্ষানুষ্ঠান দক্ষিণ নলবাৰী মহাবিদ্যালয়ৰ দহ লাখ টকাৰে নিৰ্মাণ হ'বলগীয়া প্ৰেক্ষাগৃহৰ আধাৰশিলা স্থাপন কৰে বিধায়ক অশোক কুমাৰ শৰ্মাই।,নলবাৰীঃ শনিবাৰে বাঁহজানীৰ একমাত্ৰ উচ্চ শিক্ষানুষ্ঠান দক্ষিণ নলবাৰী মহাবিদ্যালয়ৰ দহ লাখ টকাৰে নিৰ্মাণ হ'বলগীয়া প্ৰেক্ষাগৃহৰ আধাৰশিলা স্থাপন কৰে বিধায়ক অশোক কুমাৰ শৰ্মাই।,দক্ষিণ নলবাৰী মহাবিদ্যালয়ৰ প্ৰেক্ষাগৃহৰ আধাৰশিলা স্থাপন,0.42857142857142855,0.3076923076923077,0.42857142857142855,0.42857142857142855,[0.74213045835495],[0.9025837182998657],[0.8145304322242737]
"জালাহঃ জালাহ ৰাজহ চক্ৰৰ অন্তৰ্গত ভেৱলা (কেওঁটচুপা) গাঁৱৰ বিশিষ্ট সমাজকৰ্মী, ব্যৱসায়ী তথা গাঁও পঞ্চায়তৰ প্ৰাক্তন সদস্য ভুবনেশ্বৰ দাসৰ সোমবাৰে আবেলি ২.৪০ বজাত মৃত্যু হয়।","জালাহঃ জালাহ ৰাজহ চক্ৰৰ অন্তৰ্গত ভেৱলা (কেওঁটচুপা) গাঁৱৰ বিশিষ্ট সমাজকৰ্মী, ব্যৱসায়ী তথা গাঁও পঞ্চায়তৰ প্ৰাক্তন সদস্য ভুবনেশ্বৰ দাসৰ সোমবাৰে আবেলি ২.৪০ বজাত মৃত্যু হয়।",জালাহৰ বিশিষ্ট সমাজকৰ্মী-ব্যৱসায়ী-গাঁও পঞ্চায়তৰ প্ৰাক্তন সদস্যৰ বিয়োগ,0.19354838709677416,0.06896551724137931,0.19354838709677416,0.19354838709677416,[0.7373254299163818],[0.8546356558799744],[0.7916582822799683]
"জ ডেস্ক / 2019 নলবাৰীৰ পৰা হেমন্ত কলিতা নলবাৰী ৰাজহ চক্ৰৰ অন্তৰ্গত বাহঁজানী মৌজাৰ তিলানা গাঁও নিবাসী তথা গাঁওখনৰ চৰকাৰী গাওঁবুঢ়া ,বিশিষ্ট সমাজকৰ্মী গয়া ৰাম কলিতাৰ শনিবাৰে নিজ গৃহত পৰলোকপ্ৰাপ্তি ঘটে ৷ মৃত্যুৰ সময়ত তেওঁৰ বয়স আছিল ৭৭ বছৰ ৷ গাওঁবুঢ়া কলিতা বিভিন্ন অনুষ্ঠান-প্ৰতিষ্ঠানৰ লগত ওত:প্রোতভাৱে জড়িত আছিল।",নলবাৰী জিলাৰ বাহঁজানী গাঁওৰ গাওঁবুঢ়া কলিতাৰ মৃত্যু,নলবাৰীৰ তিলানা গাঁওৰ চৰকাৰী গাওঁবুঢ়া গয়া ৰাম কলিতাৰ বিয়োগ,0.25,0.0,0.25,0.25,[0.8774983882904053],[0.856365978717804],[0.8668034672737122]
শিলচৰ ইটখলা এথলেটিক ক্লাৱৰ ফুটবল পথাৰৰ উন্নয়নৰ বাবে আধাৰশিলা স্থাপন কৰিলে বিধায়ক দিলীপ কুমাৰ পালে।,শিলচৰ ইটখলা এথলেটিক ক্লাৱৰ ফুটবল পথাৰৰ উন্নয়নৰ বাবে আধাৰশিলা স্থাপন কৰিলে বিধায়ক দিলীপ কুমাৰ পালে।,ইটখলা এথলেটিক ক্লাৱৰ ফুটবল খেলপথাৰৰ আধাৰশিলা  স্থাপন,0.5454545454545455,0.4,0.5454545454545455,0.5454545454545455,[0.7924960255622864],[0.8978666663169861],[0.841897189617157]
নলবাৰীঃ নলবাৰী চহৰস্থিত ছহিদ মুকুন্দ কাকতি অসামৰিক চিকিৎসালয়ৰ অধীক্ষক ডাঃ অৰুণ চন্দ্ৰ মহন্তক ৰাজ্য চৰকাৰে নগাঁও লৈ বদলি কৰা বাবে চিকিৎসালয় খনৰ চিকিৎসক তথা কৰ্মচাৰী সকলে বিদায় সম্ভাষন জ্ঞাপন কৰে।,নলবাৰীঃ নলবাৰী চিকিৎসা মহাবিদ্যালয় হাস্পতালৰ অধীক্ষক ডাঃ অৰুণ চন্দ্ৰ মহন্তক ৰাজ্য চৰকাৰে নগাঁও লৈ বদলি কৰা বাবে চিকিৎসালয় খনৰ চিকিৎসক তথা কৰ্মচাৰী সকলে বিদায় সম্ভাষন জ্ঞাপন কৰে।,ছহিদ মুকুন্দ কাকতি অসামৰিক চিকিৎসালয়ৰ অধীক্ষকক বিদায়,0.058823529411764705,0.0,0.058823529411764705,0.058823529411764705,[0.6729896068572998],[0.7329317927360535],[0.7016828060150146]
গোৰেশ্বৰঃ বিটিএডিৰ শাসকীয় দলৰ বিপিএফৰ ভাতৃ সংগঠন বিএছইউক ধৰাশয়ী কৰি এবছুৱে দখল কৰে গোৰেষ্বৰ মহাবিদ্যালয়৷ বিপিএফৰ বাক্সা জিলাৰ অন্যতম উচ্চ শিক্ষানুষ্ঠান গোৰেশ্বৰ মহাবিদ্যলয়ৰ ছাত্ৰ একতা সভাৰ নিৰ্বাচনত নিখিল বড়ো ছাত্ৰ সন্থা চমুকৈ এবছুৱে বৃহৎ জয় সাব্যস্ত কৰিছে।,গোৰেশ্বৰঃ বিটিএডিৰ শাসকীয় দলৰ বিপিএফৰ ভাতৃ সংগঠন বিএছইউক ধৰাশয়ী কৰি এবছুৱে দখল কৰে গোৰেষ্বৰ মহাবিদ্যালয়৷ বিপিএফৰ বাক্সা জিলাৰ অন্যতম উচ্চ শিক্ষানুষ্ঠান গোৰেশ্বৰ মহাবিদ্যলয়ৰ ছাত্ৰ একতা সভাৰ নিৰ্বাচনত নিখিল বড়ো ছাত্ৰ সন্থা চমুকৈ এবছুৱে বৃহৎ জয় সাব্যস্ত কৰিছে।,"বিএছইউ শূন্য, এবছুৰ দখলত গোৰেশ্বৰ মহাবিদ্যালয়ৰ ছাত্ৰ একতা সভা",0.13043478260869568,0.04545454545454545,0.13043478260869568,0.13043478260869568,[0.7257449626922607],[0.8183896541595459],[0.7692880630493164]
জনগণ সহ সাংবাদিকক অন্ধকাৰত ৰাখি শুক্রবাৰে আনুষ্টানিক ভাবে উদ্বোধন কৰা হল।,জনগণ সহ সাংবাদিকক অন্ধকাৰত ৰাখি শুক্রবাৰে আনুষ্টানিক ভাবে উদ্বোধন কৰা হল।,ত্রিপুৰাৰ কোটি টকীয়া চৰকাৰি ৰবৰ ইন্ডাষ্ট্ৰিৰ আনুষ্ঠানিক উদ্বোধন,0.10526315789473685,0.0,0.10526315789473685,0.10526315789473685,[0.7049688696861267],[0.719202995300293],[0.7120147347450256]
জ ডেস্ক / 2019 তপন বৰগোহাঁই ড্ৰাগছৰ বিৰুদ্ধে হোজাইৰ ডবকাত চিআইডি আৰু ভিজিলেন্সে যুটীয়া অভিযান চলায়।,জ ডেস্ক / 2019 তপন বৰগোহাঁই ড্ৰাগছৰ বিৰুদ্ধে হোজাইৰ ডবকাত চিআইডি আৰু ভিজিলেন্সে যুটীয়া অভিযান চলায়।,ডবকাত বৃহৎ পৰিমাণৰ ড্ৰাগছসহ সৰবৰাহকাৰী আটক,0.09090909090909091,0.0,0.09090909090909091,0.09090909090909091,[0.6964298486709595],[0.7420598268508911],[0.7185211181640625]
বিলাসীপাৰাঃ শেহতীয়া পঞ্চায়ত নিৰ্বাচনত পানবাৰী জিলা পৰিষদ সদস্যা পদৰ কংগ্ৰেছ দলৰ ৰেহেনা পাৰিবনে বিজয়ী হোৱা উপলক্ষে শুকুৰবাৰে বিয়লি চাৰি বজাত বয়জেৰ আলগা গাঁও পঞ্চায়তৰ মায়াৰ চৰ বজাৰ প্ৰাংগণত এখন বিজয়ী সভা অনুষ্ঠিত কৰে।,বিলাসীপাৰাঃ শেহতীয়া পঞ্চায়ত নিৰ্বাচনত পানবাৰী জিলা পৰিষদ সদস্যা পদৰ কংগ্ৰেছ দলৰ ৰেহেনা পাৰিবনে বিজয়ী হোৱা উপলক্ষে শুকুৰবাৰে বিয়লি চাৰি বজাত বয়জেৰ আলগা গাঁও পঞ্চায়তৰ মায়াৰ চৰ বজাৰ প্ৰাংগণত এখন বিজয়ী সভা অনুষ্ঠিত কৰে।,পানবাৰী জিলা পৰিষদ সদস্যাৰ বিজয়ী সভা,0.25641025641025644,0.16216216216216214,0.25641025641025644,0.25641025641025644,[0.6541488170623779],[0.8608164191246033],[0.7433860898017883]
উজ এ.এছ.এন. প্ৰতিনিধি / 2019 শিৱসাগৰৰ পৰা কল্যাণজ্যোতি বুঢ়াগোহাঁই: শিৱসাগৰৰ গেমন দলঙত পুৱতি নিশা সংঘটিত হয় এক পথ দুৰ্ঘটনা।,কল্যাণজ্যোতি বুঢ়াগোহাঁই: শিৱসাগৰৰ গেমন দলঙত পুৱতি নিশা সংঘটিত হয় এক পথ দুৰ্ঘটনা।,পুৱতি নিশা শিৱসাগৰৰ গেমন দলঙত ভয়ংকৰ দুৰ্ঘটনা:দিখৌৰ বুকুত গাড়ী পৰি যোৱাৰ আশংকা,0.4166666666666667,0.2727272727272727,0.25,0.25,[0.7637606859207153],[0.7858014702796936],[0.7746243476867676]
গোৰেশ্বৰঃ বাক্সা জিলাৰ গোৰেশ্বৰ উচ্চতৰ মাধ্যমিক বিদ্যালয় খেলপথাৰৰপৰা নাগৰিকত্ব সংশোধনী বিধেয়ক বাতিলৰ দাবীত আজি এক জোঁৰ সমদল উলিওৱা হয়।,গোৰেশ্বৰঃ বাক্সা জিলাৰ গোৰেশ্বৰ উচ্চতৰ মাধ্যমিক বিদ্যালয় খেলপথাৰৰপৰা নাগৰিকত্ব সংশোধনী বিধেয়ক বাতিলৰ দাবীত আজি এক জোঁৰ সমদল উলিওৱা হয়।,জোঁৰ সমদলেৰে নাগৰিকত্ব সংশোধনী বিধেয়কৰ বিৰোধিতা,0.23999999999999996,0.08695652173913045,0.16,0.16,[0.7367992401123047],[0.8212873935699463],[0.7767525911331177]
জ এ.এছ.এন. প্ৰতিনিধি / 2018 তামুলপুৰৰ পৰা অভিজিৎ তালুকদাৰ হাগ্ৰামা মহিলাৰী নেতৃত্বাধীন বি পি এফ প্ৰশাসনে বি টি এ ডিত বসবাস কৰা সকলো শ্ৰেণীৰ ৰাইজৰ উন্নয়নৰ হকে কাম কৰি আহিছে।,তামুলপুৰৰ পৰা অভিজিৎ তালুকদাৰ হাগ্ৰামা মহিলাৰী নেতৃত্বাধীন বি পি এফ প্ৰশাসনে বি টি এ ডিত বসবাস কৰা সকলো শ্ৰেণীৰ ৰাইজৰ উন্নয়নৰ হকে কাম কৰি আহিছে,জাতি-ধৰ্ম-বৰ্ণ নিৰ্বিশেষে বিটিচিৰ সকলো জাতি-জনগোষ্ঠীৰ উন্নয়নৰ হকে বিপিএফ দলে কাম কৰি আহিছে : গণেশ কছাৰী,0.25,0.10526315789473685,0.25,0.25,[0.7470729351043701],[0.7563968896865845],[0.7517059445381165]
িদুদ জামান 13 / 2019 নগাঁও আৰক্ষীৰ জালত পৰিল কুখ্যাত ড্ৰাগছ মাফিয়া।,িদুদ জামান 13 / 2019 নগাঁও আৰক্ষীৰ জালত পৰিল কুখ্যাত ড্ৰাগছ মাফিয়া।,নগাঁৱত কুখ্যাত ড্ৰাগছ মাফিয়া গ্ৰেপ্তাৰ,0.23529411764705882,0.13333333333333333,0.23529411764705882,0.23529411764705882,[0.7322227358818054],[0.7765681147575378],[0.7537437081336975]
"নলবাৰীঃ নলবাৰী জিলাৰ দক্ষিণ নলবাৰী কনিষ্ঠ মহাবিদ্যালয়ৰ অধ্যাপক নৃপেন্দ্ৰ নাথ কলিতাক আজি মহাবিদ্যালয় শিক্ষক গোট, কৰ্তৃপক্ষ আৰু ছাত্ৰ একতা সভাৰ পৰা বিপুল সম্বৰ্ধনা জ্ঞাপন কৰা হয়।","নলবাৰীঃ নলবাৰী জিলাৰ দক্ষিণ নলবাৰী কনিষ্ঠ মহাবিদ্যালয়ৰ অধ্যাপক নৃপেন্দ্ৰ নাথ কলিতাক আজি মহাবিদ্যালয় শিক্ষক গোট, কৰ্তৃপক্ষ আৰু ছাত্ৰ একতা সভাৰ পৰা বিপুল সম্বৰ্ধনা জ্ঞাপন কৰা হয়।",নলবাৰীত কৃতী শিক্ষকক সম্বৰ্ধনা,0.06666666666666668,0.0,0.06666666666666668,0.06666666666666668,[0.6649386882781982],[0.7976301312446594],[0.7252652049064636]
নাওকাটাঃ গোহালি সদৃশ এটা ঘৰ।,নাওকাটাঃ গোহালি সদৃশ এটা ঘৰ।,অসহায় এটা পৰিয়ালক লাগে সহায়,0.20000000000000004,0.0,0.20000000000000004,0.20000000000000004,[0.7174147367477417],[0.7326638698577881],[0.724959135055542]
জ এ.এছ.এন. প্ৰতিনিধি / 2019 নগাঁৱৰ পৰা ঋতু পৰ্ণ শৰ্মা: ২০০৫ চনত অসম জাতীয় বিদ্যালয়ৰ আৰ্হিত প্ৰতিষ্ঠা হোৱা নগাঁও জিলাৰ বেবেজীয়াৰ ব্যক্তিগত খণ্ডৰ আগশাৰীৰ শিক্ষানুষ্ঠান আৰ্য্য জাতীয় বিদ্যালয়ৰ উদ্যোগত যোৱা ৮ জুলাইৰ পৰা ২২ জুলাইলৈ দশম শ্ৰেণীৰ এক গ্ৰীষ্মকালীন পাঠদান শিবিৰ অনুষ্ঠিত হয়।,নগাঁৱৰ পৰা ঋতু পৰ্ণ শৰ্মা: ২০০৫ চনত অসম জাতীয় বিদ্যালয়ৰ আৰ্হিত প্ৰতিষ্ঠা হোৱা নগাঁও জিলাৰ বেবেজীয়াৰ ব্যক্তিগত খণ্ডৰ আগশাৰীৰ শিক্ষানুষ্ঠান আৰ্য্য জাতীয় বিদ্যালয়ৰ উদ্যোগত যোৱা ৮ জুলাইৰ পৰা ২২ জুলাইলৈ দশম শ্ৰেণীৰ এক গ্ৰীষ্মকালীন পাঠদান শিবিৰ অনুষ্ঠিত হয়।,নগাঁৱৰ আৰ্য্য জাতীয় বিদ্যালয়ত গ্ৰীষ্মকালীন পাঠদান শিবিৰৰ সামৰণি,0.17391304347826086,0.045454545454545456,0.17391304347826086,0.17391304347826086,[0.7128673791885376],[0.8300127983093262],[0.7669928669929504]
"নলবাৰীঃ বিশিষ্ট নাট্যশিল্পী, সমাজকৰ্মী মধুসূধন মজুমদাৰৰ ৮১ বছৰ বয়সত মঙলবাৰে নলবাৰী জিলাৰ দক্ষিণ আমনিৰ নিজ বাসভৱনত মৃত্যুক আকোৱালি লয়৷ প্ৰাক্তন ৰাজ্য সভাৰ সাংসদ তাৰাচৰণ মজুমদাৰৰ ভাতৃ মধুসূধন মজুমদাৰৰ মৃত্যুৰ খবৰ প্ৰচাৰ হোৱাৰ পিছতে শোকৰ ছাঁ পৰে নলবাৰীত।",নলবাৰীঃ বিশিষ্ট নাট্যশিল্পী মধুসূধন মজুমদাৰৰ ৮১ বছৰ বয়সত মঙলবাৰে নলবাৰী জিলাৰ দক্ষিণ আমনিৰ নিজ বাসভৱনত মৃত্যুক আকোৱালি লয়৷ প্ৰাক্তন ৰাজ্য সভাৰ সাংসদ তাৰাচৰণ মজুমদাৰৰ ভাতৃ মধুসূধন মজুমদাৰৰ মৃত্যুৰ খবৰ প্ৰচাৰ হোৱাৰ পিছতে শোকৰ ছাঁ পৰে নলবাৰীত।,বিশিষ্ট নাট্যশিল্পী মধুসূধন মজুমদাৰৰ মৃত্যু,0.19512195121951217,0.15384615384615383,0.19512195121951217,0.19512195121951217,[0.6596707701683044],[0.8411262035369873],[0.7394289374351501]
"ফখৰুল ইছলাম, দৰংঃ পৱিত্ৰ ৰমজান মাহৰ ৰোজাদাৰসকলৰ বাবে দৰঙৰ খাৰুপেটীয়া টাউন জামে মছজিদত প্ৰত্যেক বছৰৰ দৰে এইবাৰো মাহজোৰাভাৱে আয়োজন কৰা হৈছে ইফতাৰ।","ফখৰুল ইছলাম, দৰংঃ পৱিত্ৰ ৰমজান মাহৰ ৰোজাদাৰসকলৰ বাবে দৰঙৰ খাৰুপেটীয়া টাউন জামে মছজিদত প্ৰত্যেক বছৰৰ দৰে এইবাৰো মাহজোৰাভাৱে আয়োজন কৰা হৈছে ইফতাৰ।",খাৰুপেটীয়া টাউন জামে মছজিদত চলিছে মাহজোৰা ইফতাৰ,0.27586206896551724,0.22222222222222224,0.27586206896551724,0.27586206896551724,[0.6888770461082458],[0.8045773506164551],[0.7422454357147217]
"বঢ়মপুৰঃ মঙলবাৰে বিতৰ্কিত কেন্দ্ৰীয় মন্ত্ৰী ৰাজেন গােহাঁইৰ বিৰুদ্ধে সদৌ অসম ছাত্ৰ সন্থাই উত্তাল প্ৰতিবাদ সাব্যস্ত কৰে৷ নগাঁও জিলাৰ ডবকা-চামগুৰিত বিজেপিৰ কেন্দ্ৰীয় মন্ত্ৰীৰ বিৰুদ্ধে উত্তাল প্ৰতিবাদ সাব্যস্ত কৰে আছুৱে৷ ৰে'ল ৰাজ্য মন্ত্ৰী তথা নগাঁৱৰ সাংসদ ৰাজেন গোঁহাইৰ প্ৰতিকৃতি দাহ কৰি আছুৱে নগাঁৱৰ ৰাজপথ উত্তাল কৰি তোলে৷ উল্লেখ্য যে, সোমবাৰে খানাপাৰাত নাগৰিকত্ব সংশোধনী বিধেয়ক সন্দৰ্ভত যুটীয়া সংসদীয় সমিতিয়ে শুনানি অনুষ্ঠিত কৰি থকাৰ সময়তে মন্ত্ৰীগৰাকীয়ে বিধেয়ক খনৰ সমৰ্থন কৰিছিল৷ ৰাজেন গোহাঁয়ে আমি হিন্দু বাংলাদেশীক সুৰক্ষা দিছো আৰু এই কথাত একো লুকুৱাবলগীয়া নাই বুলি কৈ তেওঁলোকে আমাক নিৰ্বাচনৰ সময়ত সহায় কৰিছিল।",কেন্দ্ৰীয় মন্ত্ৰী ৰাজেন গোঁহাইৰ প্ৰতিকৃতি দাহ কৰি আছুৱে উত্তাল প্ৰতিবাদ সাব্যস্ত কৰে৷ নগাঁও জিলাৰ ডবকা-চামগুৰিত বিজেপিৰ কেন্দ্ৰীয় মন্ত্ৰীৰ বিৰুদ্ধে উত্তাল প্ৰতিবাদ,বিতৰ্কিত কেন্দ্ৰীয় মন্ত্ৰী ৰাজেন গােহাঁইৰ বিৰুদ্ধে ডবকা-চামগুৰিত উত্তাল প্ৰতিবাদ,0.4,0.14285714285714288,0.33333333333333326,0.33333333333333326,[0.7984896898269653],[0.8522276282310486],[0.8244839906692505]
নলবাৰীঃ নলবাৰীৰ বড়িগোগ বনভাগ উন্নয়ন খণ্ড এলেকাৰ বিদ্যালয়ৰ অতিৰিক্ত শ্ৰেণী কোঠা আৰু গড়কাপ্তানী বিভাগৰ পথৰ আধাৰশিলা স্থাপন কৰা হয়।,নলবাৰীঃ নলবাৰীৰ বড়িগোগ বনভাগ উন্নয়ন খণ্ড এলেকাৰ বিদ্যালয়ৰ অতিৰিক্ত শ্ৰেণী কোঠা আৰু গড়কাপ্তানী বিভাগৰ পথৰ আধাৰশিলা স্থাপন কৰা হয়।,বনভাগত বিদ্যালয়ৰ অতিৰিক্ত শ্ৰেণী কোঠা পথৰ আধাৰশিলা স্থাপন,0.5185185185185185,0.4,0.5185185185185185,0.5185185185185185,[0.7649882435798645],[0.8868823051452637],[0.8214378952980042]
জ এ.এছ.এন. প্ৰতিনিধি / 2019 সোণাৰিৰ পৰা ঘন বৰাৰ প্রতিবেদন: সোণাৰিত বৃহৎ অস্ত্ৰ-শস্ত্ৰ সহ এন এছ চি এনৰ এজন কেডাৰ আটক কৰে।,সোণাৰিত বৃহৎ অস্ত্ৰ-শস্ত্ৰ সহ এন এছ চি এনৰ এজন কেডাৰ আটক,সোণাৰিত এন এছ চি এনৰ কেডাৰ আটক,0.7777777777777778,0.5,0.7777777777777778,0.7777777777777778,[0.8315315246582031],[0.9385650753974915],[0.881812334060669]
"গজেন হাজৰিকা,নাৰায়ণপুৰ নাগৰিকত্ব সংশোধনী বিধেয়ক-২০১৬ বাতিলৰ দাবীত সদৌ অসম টাই আহোম ছাত্ৰ সন্থাই নাৰায়ণপুৰ, ধলপুৰ, ৰঙতি, শিমলুগুৰি, ৰাজগড় আৰু ভোলাবৰী আঞ্চলিকৰ সহযোগত আজি সন্ধিয়া নাৰায়ণপুৰ নগৰত এক প্ৰতিবাদী জোঁৰ সমদল বাহিৰ কৰে।","গজেন হাজৰিকা,নাৰায়ণপুৰ নাগৰিকত্ব সংশোধনী বিধেয়ক-২০১৬ বাতিলৰ দাবীত সদৌ অসম টাই আহোম ছাত্ৰ সন্থাই নাৰায়ণপুৰ, ধলপুৰ, ৰঙতি, শিমলুগুৰি, ৰাজগড় আৰু ভোলাবৰী আঞ্চলিকৰ সহযোগত আজি সন্ধিয়া নাৰায়ণপুৰ নগৰত এক প্ৰতিবাদী জোঁৰ সমদল বাহিৰ কৰে।",নাগৰিকত্ব সংশোধনী বিধেয়ক বাতিলৰ দাবীত আটাছুৰ জোঁৰ সমদল,0.3,0.15789473684210525,0.3,0.3,[0.698296844959259],[0.8559545874595642],[0.7691295742988586]
যোৱা কেইদিনমানৰ ভিতৰতে ভাৰত-ভূটান সীমান্তৱৰ্তী অঞ্চলত এন ডি এফ বি (সং) সক্ৰিতা বৃদ্ধি পোৱাৰ সমান্তৰালভাৱে সেনা-আৰক্ষীৰ অভিযানো তীব্ৰতৰ হোৱা দেখা গৈছে।,ওদালগুৰি জিলাৰ ভাৰত-ভূটান সীমান্তৱৰ্তী অঞ্চলত এন ডি এফ বি (সং) সক্ৰিতা বৃদ্ধি পোৱাৰ সমান্তৰালভাৱে সেনা-আৰক্ষীৰ অভিযানো তীব্ৰতৰ হোৱা দেখা গৈছে।,চিৰাঙৰ ভাৰত-ভূটান সীমান্তত এন ডি এফ বি(সং)ৰ দুজন সদস্যক আটক,0.26666666666666666,0.14285714285714285,0.26666666666666666,0.26666666666666666,[0.7467622756958008],[0.8221261501312256],[0.7826340794563293]
ৰঙিয়া ৪ অক্টোৱৰঃ সমগ্ৰ ৰাজ্যৰ লগতে ৰঙিয়াটো আধাৰ কাৰ্ড বনোৱাৰ সুবিধা প্ৰদান কৰিছে ৰাজ্য চৰকাৰে।,ৰঙিয়া ৪ অক্টোৱৰঃ সমগ্ৰ ৰাজ্যৰ লগতে ৰঙিয়াটো আধাৰ কাৰ্ড বনোৱাৰ সুবিধা প্ৰদান কৰিছে ৰাজ্য চৰকাৰে।,ৰঙিয়াৰ ৯টা কেন্দ্ৰত আধাৰ কাৰ্ডৰ কাম আৰম্ভ,0.09090909090909091,0.0,0.09090909090909091,0.09090909090909091,[0.6896063685417175],[0.7511763572692871],[0.7190757393836975]
শিমলুগুৰি/চাবুৱাঃ ৰাজ্যত অব্যাহত আছে কৃষক নেতা অখিল গগৈৰ গ্ৰেপ্তাৰৰ বিৰুদ্ধে প্ৰতিবাদ৷ ৰাজ্যৰ ইমুৰৰ পৰা সিমুৰলৈ ৰাইজ ওলাই আহি প্ৰতিবাদ সাব্যস্ত কৰে ৰাজ্য চৰকাৰৰ বিৰুদ্ধে৷ শিৱসাগৰ শিমলুগুৰিত টায়াৰ জ্বলাই পথ অৱৰোধ কৰে কৃষক মুক্তি সংগ্ৰাম সমিতিৰ ভাতৃ সংগঠন ছাত্ৰ মুক্তি সংগ্ৰাম সমিতিয়ে।,শিৱসাগৰত কৃষক নেতা অখিল গগৈৰ গ্ৰেপ্তাৰৰ বিৰুদ্ধে প্ৰতিবাদ৷ শিৱসাগৰ শিমলুগুৰিত টায়াৰ জ্বলাই পথ অৱৰোধ কৰে কৃষক মুক্তি সংগ্ৰাম সমিতিৰ ভাতৃ সংগঠন ছাত্ৰ মুক্তি সংগ্ৰাম সমিতিয়ে,ফেচিষ্ট চৰিত্ৰ উদঙাই অখিল গগৈক গ্ৰেপ্তাৰ কৰিছে চৰকাৰে,0.06060606060606061,0.0,0.06060606060606061,0.06060606060606061,[0.679777979850769],[0.7639643549919128],[0.7194166779518127]
পদত্যাগৰ দাবী ছাত্ৰ মুক্তি সংগ্ৰাম সমিতিৰ দুলীয়াজানঃ পঞ্চায়ত আৰু গ্ৰামোন্নয়ন বিভাগৰ নিযুক্তিৰ ক্ষেত্ৰত হোৱা ব্যাপক কেলেংকাৰীৰ প্ৰতিবাদত শনিবাৰে দুলীয়াজানত ছাত্ৰ মুক্তি সংগ্ৰাম সমিতিয়ে গ্ৰামোন্নয়ন মন্ত্ৰী নৱ কুমাৰ দলেৰ প্ৰতিকৃতি দাহ কৰে।,পঞ্চায়ত আৰু গ্ৰামোন্নয়ন মন্ত্ৰী নৱ কুমাৰ দলেৰ পদত্যাগৰ দাবী ছাত্ৰ মুক্তি সংগ্ৰাম সমিতিৰ দুলীয়াজান আঞ্চলিক সমিতিয়ে,নিযুক্তি কেলেংকাৰীঃ গ্ৰামোন্নয়ন মন্ত্ৰী নৱ কুমাৰ দলেৰ প্ৰতিকৃতি দাহ,0.39999999999999997,0.3478260869565218,0.39999999999999997,0.39999999999999997,[0.7567487955093384],[0.8112785816192627],[0.7830655574798584]
ভোটদাতা সকলে পুৱা ৭ বজাৰ পৰা বিয়লি  ৩ বজালৈকে ভোটদান কৰিব পাৰিব ভােটদান কৰিবলৈ আহােতে দহবিধ নথিৰ যিকোনাে এখন লগত আনিব লাগিব কাজিৰঙাঃ পঞ্চায়ত নিৰ্বাচন সমাগত৷ অহা ৫ ডিচেম্বৰ ২০১৮ তাৰিখে অনুষ্ঠিত হবলগীয়া প্ৰথম পৰ্যায়ৰ পঞ্চায়ত নিবাচনত ভােটদাতা সকলে নিজ নিজ ভােটদান কেন্দ্ৰত পুৱা ৭ বজাৰ পৰা বিয়লি ৩ বজালৈকে ভােটদান কৰিব পাৰিব।,কাজিৰঙাঃ পঞ্চায়ত নিৰ্বাচন সমাগত৷ পুৱা ৭ বজাৰ পৰা বিয়লি ৩ বজালৈকে ভোটদান কৰিব পাৰিব ভােটদান কৰিবলৈ আহােতে দহবিধ নথিৰ যিকোনাে এখন লগত আনিব লাগিব কাজিৰঙাঃ পঞ্চায়ত নিৰ্বাচন সমাগত৷ অহা ৫ ডিচেম্বৰ ২০১৮ তাৰিখে অনুষ্ঠিত হবলগীয়া প্ৰথম পৰ্যায়ৰ পঞ্চায়ত নিবাচনত ভােটদাতা সকলে নিজ নিজ ভােটদান কেন্দ্ৰত পুৱা ৭ বজাৰ পৰা বিয়লি ৩ বজালৈকে ভােটদান কৰিব পাৰিব,পঞ্চায়তৰ নিবাচনত ভোটদান কৰিবলৈ আহোঁতে কি কি নথি-পত্ৰ আপোনাৰ লগত আনিব লাগিব? পঢ়ক,0.14705882352941177,0.030303030303030304,0.1176470588235294,0.1176470588235294,[0.623454749584198],[0.7352527976036072],[0.67475426197052]
জ এ.এছ.এন. প্ৰতিনিধি / 2019 নগাঁৱৰ পৰা ৱাহিদুদ জামান নগাঁও জিলা পৰিবহন বিভাগৰ প্ৰবৰ্তক বিষয়া ৰঞ্জিত দত্তৰ নেতৃত্বত আৰু নগাঁও যান-বাহন আৰক্ষীৰ ভাৰপ্ৰাপ্ত বিষয়া হান্নান লস্কৰ সহযোগত আজি নগাঁও যান-বাহন আৰক্ষীয়ে চহৰখনৰ কেইবাটাও স্থানত অভিযান চলাই নিয়ম ভংগ কৰি যান-বাহন চলোৱা বাহনৰ গৰাকীক জৰিমনা বিহাৰ লগতে বহু কেইখন দুচকীয়া বাহন আটক কৰে।,জ এ.এছ.এন. প্ৰতিনিধি / 2019 নগাঁৱৰ পৰা ৱাহিদুদ জামান নগাঁও জিলা পৰিবহন বিভাগৰ প্ৰবৰ্তক বিষয়া ৰঞ্জিত দত্তৰ নেতৃত্বত আৰু নগাঁও যান-বাহন আৰক্ষীৰ ভাৰপ্ৰাপ্ত বিষয়া হান্নান লস্কৰ সহযোগত আজি নগাঁও যান-বাহন আৰক্ষীয়ে চহৰখনৰ কেইবাটাও স্থানত অভিযান চলাই নিয়ম ভংগ কৰি যান-বাহন চলোৱা বাহনৰ গৰাকীক জৰিমনা বিহাৰ লগতে বহু কেইখন দুচকীয়া বাহন আটক কৰে।,নগাঁৱত পৰিবহন বিভাগৰ অভিযান: ৮৮ খন মটৰ চাইকেল আটক,0.09836065573770493,0.03389830508474576,0.09836065573770493,0.09836065573770493,[0.6271930932998657],[0.7537190318107605],[0.6846596002578735]
নগাঁও জিলাৰ চামগুৰি আৰক্ষী থানাৰ অন্তৰ্গত গেন্ধালিত আৰক্ষীয়ে অভিযান চলাই দেওবাৰে চাৰিজন দুৰ্ধৰ্ষ গৰু চোৰক কৰায়ত্ত কৰিবলৈ সক্ষম হয়।,নগাঁও জিলাৰ চামগুৰি আৰক্ষী থানাৰ অন্তৰ্গত গেন্ধালিত আৰক্ষীয়ে অভিযান চলাই দেওবাৰে চাৰিজন দুৰ্ধৰ্ষ গৰু চোৰক কৰায়ত্ত কৰিবলৈ সক্ষম হয়।,চামগুৰি আৰক্ষীৰ জালত অস্ত্ৰসহ ডকাইত আৰু চাৰি দুৰ্ধৰ্ষ গৰু চোৰ,0.20689655172413793,0.07407407407407407,0.20689655172413793,0.20689655172413793,[0.7265709638595581],[0.7873682975769043],[0.7557488679885864]
"ৰবীন মহন্ত, বৰহোলাঃ বৰহোলা নিবাসী বৰকছাৰী উচ্চ ইংৰাজী বিদ্যালয়ৰ প্ৰতিষ্ঠাপক প্ৰধান শিক্ষক শশী বৰাৰ কদেওবাৰে যোৰহাট মিছন হাস্পটালত সন্ধিয়া ৬৮ বছৰ বয়সত মৃত্যু হয়।",বৰহোলাঃ বৰহোলা নিবাসী বৰকছাৰী উচ্চ ইংৰাজী বিদ্যালয়ৰ প্ৰতিষ্ঠাপক প্ৰধান শিক্ষক শশী বৰাৰ কদেওবাৰে যোৰহাট মিছন হাস্পটালত সন্ধিয়া ৬৮ বছৰ বয়সত মৃত্যু হয়।,বৰকছাৰী উচ্চতৰ মাধ্যমিক বিদ্যালয়ৰ অৱসৰপ্ৰাপ্ত অধ্যক্ষ শশী বৰাৰ মৃত্যু,0.3225806451612903,0.06896551724137931,0.3225806451612903,0.3225806451612903,[0.7347286939620972],[0.8056640028953552],[0.7685630917549133]
নলবাৰীঃ সোমবাৰে অসম খাদী বৰ্ডৰ অধ্যক্ষ তথা অগপ নেতা ডাঃ কমলা কলিতাই আমচাঙৰ উচ্ছেদ অভিযান দুখলগা বুলি কয়।,নলবাৰীঃ সোমবাৰে অসম খাদী বৰ্ডৰ অধ্যক্ষ তথা অগপ নেতা ডাঃ কমলা কলিতাই আমচাঙৰ উচ্ছেদ অভিযান দুখলগা বুলি কয়।,আমচাঙৰ উচ্ছেদ সন্দৰ্ভত চৰকাৰ সজাগ হ'ব লাগিছিল,0.16,0.08695652173913045,0.16,0.16,[0.6722856760025024],[0.724381685256958],[0.6973620653152466]
নগাঁও ক্ৰীড়া সংস্থাৰ উদ্যোগত দেওবাৰৰ পৰা নগাঁও চহৰৰ ঐতিহ্যমণ্ডিত নুৰুল আমিন ষ্টেডিয়ামত আৰম্ভ হ'ল ৭০ সংখ্যক স্বাধীনতা দিৱস কাপ প্ৰাইজমানি ফুটবল প্ৰতিযোগিতা।,নগাঁও ক্ৰীড়া সংস্থাৰ উদ্যোগত দেওবাৰৰ পৰা নগাঁও চহৰৰ ঐতিহ্যমণ্ডিত নুৰুল আমিন ষ্টেডিয়ামত আৰম্ভ হ'ল ৭০ সংখ্যক স্বাধীনতা দিৱস কাপ প্ৰাইজমানি ফুটবল প্ৰতিযোগিতা।,নগাঁৱত ৭০ সংখ্যক স্বাধীনতা দিৱস কাপ প্ৰাইজমানি ফুটবল প্ৰতিযোগিতা আৰম্ভ,0.5000000000000001,0.4,0.4375,0.4375,[0.7396034002304077],[0.8655428290367126],[0.7976325750350952]
"দৈনিক জনমভূমি"" ৰ নগাঁৱৰ সাংবাদিক ভাস্কৰজ্যোতি মেধিলৈ আগবঢ়োৱা হৈছে ""অনুপ্ৰেৰণা""বঁটা।","দৈনিক জনমভূমি"" ৰ নগাঁৱৰ সাংবাদিক ভাস্কৰজ্যোতি মেধিলৈ আগবঢ়োৱা হৈছে ""অনুপ্ৰেৰণা""বঁটা।",নগাঁৱৰ সাংবাদিক ভাস্কৰজ্যোতি মেধিলৈ অনুপ্ৰেৰণা বঁটা,0.5,0.42857142857142855,0.5,0.5,[0.7854048609733582],[0.865249752998352],[0.8233962655067444]
"হাউচ ৱাইফৰ বিলৈ - প্ৰণীতা গোস্বামী বৰঠাকুৰ নুশুনি নগমি এদিন ভাবিলো চৰু নধৰো আজি ""বুঢ়া বুঢ়ীৰ সাধুলৈ"" মনত পেলাই থাকিলো পেচ পাতি।","হাউচ ৱাইফৰ বিলৈ - প্ৰণীতা গোস্বামী বৰঠাকুৰ নুশুনি নগমি এদিন ভাবিলো চৰু নধৰো আজি ""বুঢ়া বুঢ়ীৰ সাধুলৈ"" মনত পেলাই থাকিলো পেচ পাতি।",হাউচ ৱাইফৰ বিলৈ - প্ৰণীতা গোস্বামী বৰঠাকুৰ - ফটাঢোল,0.45161290322580644,0.4137931034482759,0.45161290322580644,0.45161290322580644,[0.7400305271148682],[0.8690637946128845],[0.7993735671043396]
জ এ.এছ.এন. প্ৰতিনিধি / 2019 শিলচৰৰ পৰা আব্দুল আলিম চৌধুৰীৰ প্রতিবেদন : জোৱাই-বদৰপুৰ ৰাষ্ট্ৰীয় ঘাইপথৰ মালিডহৰ হৈ বৰাকত ৰাতিৰ আন্ধাৰত প্ৰতিদিনেই সোমাইছে ৩০/৪০ খনকৈ কয়লাভৰ্তি ট্ৰাক।,জোৱাই-বদৰপুৰ ৰাষ্ট্ৰীয় ঘাইপথৰ মালিডহৰ হৈ বৰাকত ৰাতিৰ আন্ধাৰত প্ৰতিদিনেই সোমাইছে ৩০/৪০ খনকৈ কয়লাভৰ্তি ট্ৰাক।,বৰাকত কয়লাৰ অবৈধ ব্যৱসায় : তদন্তৰ বাবে উপস্থিত চিআইডিৰ দল,0.08333333333333333,0.0,0.08333333333333333,0.08333333333333333,[0.6839840412139893],[0.709835410118103],[0.6966699957847595]
"কৌতুক 10 স্মাৰ্ট আংকোলৰ স্মাৰ্ট উত্তৰ - কবিতা ডেকা আমাৰ আংকোল সৰুৰে পৰাই স্মাৰ্ট বুলি সৰ্বজনবিদিত৷ তেওঁৰ প্ৰিয় খাদ্যৰ তালিকাত যেনেকৈ প্ৰথমতে চেনি আছে, ঠিক সেইদৰে তেওঁৰ প্ৰিয় বিষয়ৰ তালিকাৰ নাম্বাৰ ওৱানত আছে. . . অ', ঠিকেই অনুমান কৰিছে হিংলিছ মানে আমাৰ গাঁৱলীয়া মানুহৰ ভাষাত অংৰেজী৷ মই আকৌ সেই বিষয়ত একেবাৰে অপৈণত৷ মোৰ ল'ৰাৰ পৰীক্ষা পালেহি৷ তাক ইংৰাজী পঢ়াই থাকোঁতে সুধিলে বোলে মা শব্দৰ বিপৰীত শব্দ কি?","কবিতা ডেকা: মোৰ প্ৰিয় খাদ্যৰ তালিকাত যেনেকৈ প্ৰথমতে চেনি আছে, ঠিক সেইদৰে তেওঁৰ প্ৰিয় খাদ্যৰ তালিকাত যেনেকৈ প্ৰথমতে চেনি আছে",স্মাৰ্ট আংকোলৰ স্মাৰ্ট উত্তৰ - কবিতা ডেকা - ফটাঢোল,0.06896551724137932,0.0,0.06896551724137932,0.06896551724137932,[0.6257161498069763],[0.672651469707489],[0.6483354568481445]
"ব্রাজিল শ্বুটিং বিশ্বকাপঃ ইলা বেনিনৰ স্বর্ণ আগস্ট ৩০, ২০১৯ 0 ১৯৪ বিশ্ব দৰবাৰত আকো ভাৰতীয় যুৱতীৰ স্বর্ণ।","ব্রাজিল শ্বুটিং বিশ্বকাপঃ ইলা বেনিনৰ স্বর্ণ আগস্ট ৩০, ২০১৯ 0 ১৯৪ বিশ্ব দৰবাৰত আকো ভাৰতীয় যুৱতীৰ স্বর্ণ।",ব্রাজিল শ্বুটিং বিশ্বকাপঃ ইলা বেনিনৰ স্বর্ণ - ভাল খবৰ,0.46153846153846156,0.4166666666666667,0.46153846153846156,0.46153846153846156,[0.7738717794418335],[0.8865028023719788],[0.8263671398162842]
"শিলচৰৰ জিলা গ্রন্থাগাৰত ""সামাজিক শীৰ্ষক শিবিৰ অনুষ্ঠিত শিলচৰৰ জিলা গ্রন্থাগাৰত ৰবিবাৰে ""সামাজিক শিবিৰ"" অনুষ্ঠিত হয় এই উপলক্ষে আয়োজিত এক অনুষ্ঠানত কানপুৰৰ কৃত্রিম অঙ্গ উৎপাদন সংস্থা কর্পোৰেছনৰ সহযোগিতাত আই চি ডিএছ প্রকল্পৰ অঞ্চলত বিশেষভাবে সক্ষম ব্যক্তিৰ মাজত আনুষ্ঠানিকভাবে যন্ত্রপাতি বিতৰণ কৰা হয়।","শিলচৰৰ জিলা গ্রন্থাগাৰত ""সামাজিক শীৰ্ষক শিবিৰ অনুষ্ঠিত শিলচৰৰ জিলা গ্রন্থাগাৰত ৰবিবাৰে ""সামাজিক শিবিৰ"" অনুষ্ঠিত হয় এই উপলক্ষে আয়োজিত এক অনুষ্ঠানত কানপুৰৰ কৃত্রিম অঙ্গ উৎপাদন সংস্থা কর্পোৰেছনৰ সহযোগিতাত আই চি ডিএছ প্রকল্পৰ অঞ্চলত বিশেষভাবে সক্ষম ব্যক্তিৰ মাজত আনুষ্ঠানিকভাবে যন্ত্রপাতি বিতৰণ কৰা হয়।","শিলচৰৰ জিলা গ্রন্থাগাৰত ""সামাজিক অiধিকাৰিতা শীৰ্ষক শিবিৰ অনুষ্ঠিত",0.28571428571428575,0.2127659574468085,0.28571428571428575,0.28571428571428575,[0.7067884802818298],[0.8165553212165833],[0.7577171325683594]
তামুলপুৰঃ ভাৰত চৰকাৰৰ নীতি আয়োগৰ পৰিকল্পনা অনুসৰি বাক্সা জিলাৰ তামুলপুৰ খণ্ড প্ৰাথমিক শিক্ষা বিষয়াৰ কাৰ্যালয়ৰ অন্তৰ্গত ১৮২ নং বৰখোপা প্ৰাথমিক বিদ্যালয়ত বৃহস্পতিবাৰে এটা পুথি ভঁৰাল উন্মোচন কৰা হয়।,তামুলপুৰঃ ভাৰত চৰকাৰৰ নীতি আয়োগৰ পৰিকল্পনা অনুসৰি বাক্সা জিলাৰ তামুলপুৰ খণ্ড প্ৰাথমিক শিক্ষা বিষয়াৰ কাৰ্যালয়ৰ অন্তৰ্গত ১৮২ নং বৰখোপা প্ৰাথমিক বিদ্যালয়ত বৃহস্পতিবাৰে এটা পুথি ভঁৰাল উন্মোচন কৰা হয়।,তামুলপুৰৰ প্ৰাথমিক বিদ্যালয়ত পুথিভঁৰাল উন্মোচন,0.18181818181818182,0.06451612903225806,0.18181818181818182,0.18181818181818182,[0.7187336087226868],[0.8436123132705688],[0.7761821746826172]
ডিব্ৰুগড় জিলাৰ ৰহমৰীয়া আৰক্ষী থানাৰ অন্তৰ্গত থানাই চাহ বাগিচাত আজি অসম চাহ মজদুৰ সংঘৰ ডিব্ৰুগড় শাখা আৰু আটছাৰ উদ্যোগত এখন নিচাবিৰোধী সজাগতা সভা অনুষ্ঠিত হয়।,ডিব্ৰুগড় জিলাৰ ৰহমৰীয়া আৰক্ষী থানাৰ অন্তৰ্গত থানাই চাহ বাগিচাত আজি অসম চাহ মজদুৰ সংঘৰ ডিব্ৰুগড় শাখা আৰু আটছাৰ উদ্যোগত এখন নিচাবিৰোধী সজাগতা সভা অনুষ্ঠিত হয়।,থানাই চাহ-বাগিচাত নিচাবিৰোধী সজাগতা সভা অনুষ্ঠিত,0.3225806451612903,0.20689655172413793,0.3225806451612903,0.3225806451612903,[0.6908594369888306],[0.8494650721549988],[0.7619965672492981]
জ এ.এছ.এন. প্ৰতিনিধি 29 / 2018 আজি নগাঁও জিলা আইন সেৱা প্ৰাধিকাৰীৰ উদ্যোগত ৰেগিঙৰ ভয়াৱহতা তথা ৰেগিঙৰ প্ৰতিৰোধ আৰু প্ৰতিকাৰ আইনৰ ওপৰত আইন সেৱা প্ৰাধিকাৰীৰ সভাকক্ষত এখনি সজাগতা সভা অনুষ্ঠিত হৈ যায়।,জ এ.এছ.এন. প্ৰতিনিধি 29 / 2018 আজি নগাঁও জিলা আইন সেৱা প্ৰাধিকাৰীৰ উদ্যোগত ৰেগিঙৰ ভয়াৱহতা তথা ৰেগিঙৰ প্ৰতিৰোধ আৰু প্ৰতিকাৰ আইনৰ ওপৰত আইন সেৱা প্ৰাধিকাৰীৰ সভাকক্ষত এখনি সজাগতা সভা অনুষ্ঠিত হৈ যায়।,নগাঁৱত ৰেগিং প্ৰতিৰোধ আৰু প্ৰতিকাৰ আইন সন্দৰ্ভত সজাগতা সভা,0.29268292682926833,0.15384615384615383,0.29268292682926833,0.29268292682926833,[0.7093649506568909],[0.7903734445571899],[0.7476813197135925]
"বোকাখাতৰ আবকাৰী বিভাগে গোলাঘাট সদৰ আবকাৰী বিভাগৰ সহযোগত মহকুমাটোৰ নুমলীগড়ৰ ধনশিৰি দলঙৰ সমীপত বৃহস্পতিবাৰে বিলাতী সুৰা ভৰ্তি তিনিখন ট্ৰাক জব্দ কৰে ৷ গোপন সুত্ৰৰ আধাৰত চলোৱা এই অভিযানৰ নেতৃত্ব দিছিল আবকাৰী বিভাগৰ বোকাখাতৰ বিষয়া শান্তনু হাজৰিকা, উপ পৰিদৰ্শৰ নিৰঞ্জন দাস আৰু নৱনীত আগৰৱালাই ৷ অৰুণাচলৰ নাহৰলাগুনৰ পৰা টিজুলৈ নি থকা অৱস্থাত এই সুৰাৰ গাড়ী তিনিখন জব্দ কৰে আবকাৰী বিভাগে ৷ পথ নিৰ্দেশনা অমান্য কৰাৰ অপৰাধতে গাড়ী তিনিখন জব্দ কৰা বুলি জনাইছে বোকাখাতৰ আৱকাৰী বিভাগে।",বোকাখাতত বিলাতী সুৰা ভৰ্তি তিনিখন ট্ৰাক জব্দ,আবকাৰী বিভাগৰ ৩৬ ঘন্টা জোৰা অভিযান : অৰুণাচলৰ পৰা অনা তিনি ট্ৰাক সুৰা জব্দ,0.2857142857142857,0.0,0.19047619047619047,0.19047619047619047,[0.7757671475410461],[0.7416428327560425],[0.758321225643158]
গল্প 3 নতুন আইন - কমল তালুকদাৰ কাউৰীয়ে কা নকৰোঁতে পানীৰামে আজি শোৱাপাটী এৰিছে।,"পানীৰামে আজি শোৱাপাটী এৰিছে, পানীৰামে আজি শোৱাপাটী এৰিছে",নতুন আইন - কমল তালুকদাৰ - ফটাঢোল,0.0,0.0,0.0,0.0,[0.5970562696456909],[0.6208527088165283],[0.6087220311164856]
নলবাৰীঃ নলবাৰী জিলাৰ অমায়াপুৰ গাঁৱৰ বিশিষ্ট সাংবাদিক প্ৰাঞ্জল শৰ্মাক খৈৰাবাৰী প্ৰেছ ক্লাৱ আৰু এন ইলাইভে প্ৰশংসা পত্ৰ প্ৰদান কৰে৷ ওদালগুৰি জিলাৰ খৈৰাবাৰী প্ৰেছ ক্লাৱ আৰু এনই লাইভৰ উদ্যোগত খৈৰাবাৰী মহাবিদ্যালয় প্ৰাংগনত ৰবিবাৰে অনুষ্ঠিত হোৱা সাংবাদিক কৰ্মশালাত সাংবাদিকজনক প্ৰদান কৰে প্ৰশংসা পত্ৰ।,সাংবাদিক প্ৰাঞ্জল শৰ্মাক খৈৰাবাৰী প্ৰেছ ক্লাৱ আৰু এন ইলাইভে প্ৰশংসা পত্ৰ প্ৰদান কৰে৷ ওদালগুৰি জিলাৰ খৈৰাবাৰী প্ৰেছ ক্লাৱ আৰু এনই লাইভৰ উদ্যোগত খৈৰাবাৰী মহাবিদ্যালয় প্ৰাংগনত ৰবিবাৰে অনুষ্ঠিত হোৱা সাংবাদিক কৰ্মশালাত সাংবাদিকজনক প্ৰদান কৰে প্ৰশংসা পত্ৰ।,নলবাৰীৰ সাংবাদিক প্ৰাঞ্জল শৰ্মাক প্ৰশংসা পত্ৰ প্ৰদান,0.2857142857142857,0.2,0.2857142857142857,0.2857142857142857,[0.6704840660095215],[0.8010088801383972],[0.7299575805664062]
"অসমত কোনো দিন প্ৰযোজ্য নহয় ইনাৰ লাইন পাৰ্মিট 2 পৰিবহন আইন উলংঘা কৰা সৰু-বৰ যান -বাহনে ভৰি পৰিল শিৱসাগৰৰ পৰিবহন কাৰ্য্যালয়ৰ চৌহদ 4 ষ্টাফৰিপোৰ্টাৰ, ১৩আগষ্ট ইতিবাচক খবৰৰ নিউজ পৰ্টে'ল এন ই ফকাচ ডট কম এ দ্বিতীয় বৰ্ষত ভৰি দিলে।",পৰিবহন আইন উলংঘা কৰা সৰু-বৰ যান -বাহনে ভৰি পৰিল শিৱসাগৰৰ পৰিবহন কাৰ্য্যালয়,ইতিবাচক খবৰৰ নিউজ পৰ্টে'ল এন ই ফকাচ ডট কমৰ  দ্বিতীয় বৰ্ষপূৰ্তি,0.0,0.0,0.0,0.0,[0.6671499013900757],[0.672950267791748],[0.6700375080108643]
"দৰঙীয়া কথিত ভাষাত লিখা এখন প্ৰেম পত্ৰ - অবিনাশ শৰ্মা শ্ৰী হৰি মৰমৰ ব্যাসপেন্নি, পথ্থমে মোৰ মৰম লবি।","অবিনাশ শৰ্মা শ্ৰী হৰি মৰমৰ ব্যাসপেন্নি, পথ্থমে মোৰ মৰম লবি।",দৰঙীয়া কথিত ভাষাত লিখা এখন প্ৰেম পত্ৰ - অবিনাশ শৰ্মা - ফটাঢোল,0.1818181818181818,0.09999999999999999,0.1818181818181818,0.1818181818181818,[0.7241812944412231],[0.7204091548919678],[0.7222902774810791]
চোৰাং কাঠৰ অবৈধ সৰবৰাহকাৰীৰ বিৰুদ্ধে কোকৰাঝাৰত অব্যাহত আছে বন বিভাগৰ অভিযান।,চোৰাং কাঠৰ অবৈধ সৰবৰাহকাৰীৰ বিৰুদ্ধে কোকৰাঝাৰত অব্যাহত আছে বন বিভাগৰ অভিযান।,কোকৰাঝাৰ আৰু চিৰাঙত চোৰাং কাঠ সৰবৰাহকাৰীৰ বিৰুদ্ধে অভিযান,0.3157894736842105,0.11764705882352941,0.3157894736842105,0.3157894736842105,[0.834719717502594],[0.8591199517250061],[0.8467440605163574]
ডিব্ৰুগড়ঃ হত্যাৰ ২৬ বছৰৰ পাছতো শ্বহীদ সাংবাদিক কমলা শইকীয়াৰ হত্যাকাৰীক শাস্তি প্ৰদান কৰিব নোৱৰা কাৰ্যত ক্ষোভ প্ৰকাশ কৰিছে বৃহত্তৰ ডিব্ৰুগড় প্ৰেছ ক্লাবে।,সাংবাদিক কমলা শইকীয়াৰ হত্যাকাৰীক শাস্তি প্ৰদান কৰিব নোৱাৰা কাৰ্যত ক্ষোভ প্ৰকাশ কৰিছে বৃহত্তৰ ডিব্ৰুগড় প্ৰেছ ক্লাবে।,ডিব্ৰুগড় প্ৰেছ ক্লাবত শ্বহীদ সাংবাদিক কমলা শইকীয়াক স্মৰণ,0.3333333333333333,0.18181818181818182,0.16666666666666666,0.16666666666666666,[0.725773811340332],[0.785527229309082],[0.7544692754745483]
"নৱেম্বৰ ১৯, ২০১৯ 0 ১১১ আপুনি হয়তাে এণ্ড্রয়ড ম'বাইলৰ কথা শুনিছে বা ব্যৱহাৰ কৰিছে?","নৱেম্বৰ ১৯, ২০১৯ 0 ১১১ আপুনি হয়তাে এণ্ড্রয়ড ম'বাইলৰ কথা শুনিছে বা ব্যৱহাৰ কৰিছে?",এণ্ড্রয়ড স্কুটাৰ - ভাল খবৰ,0.10526315789473682,0.0,0.10526315789473682,0.10526315789473682,[0.659067690372467],[0.7663173675537109],[0.7086576819419861]
নলবাৰীঃ নলবাৰী জিলাৰ একমাত্ৰ উন্নত চিকিৎসালয় শ্বহীদ মুকুন্দ কাকতি অসামৰিক চিকিৎসালয়খনিত চৰকাৰী স্বাস্থ্য সেৱাৰ লগতে বিভিন্ন কামত যোৱা ৰাইজক এচাম কৰ্মচাৰীয়ে বাঘ-ভালুক দেখাই হাৰাশাস্তি কৰাৰ অভিযোগ দীৰ্ঘদিনৰ।,নলবাৰীঃ নলবাৰী জিলাৰ একমাত্ৰ উন্নত চিকিৎসালয় শ্বহীদ মুকুন্দ কাকতি অসামৰিক চিকিৎসালয়খনিত চৰকাৰী স্বাস্থ্য সেৱাৰ লগতে বিভিন্ন কামত যোৱা ৰাইজক এচাম কৰ্মচাৰীয়ে বাঘ-ভালুক দেখাই হাৰাশাস্তি কৰাৰ অভিযোগ দীৰ্ঘদিনৰ।,"শ্বহীদ মুকুন্দ কাকতি অসামৰিক চিকিৎসালয়ত কৰ্মচাৰীয়ে চলাই আছে দালাল-ৰাজ, ভুক্তভোগী সংবাদকৰ্মী প্ৰাঞ্জল শৰ্মাৰ অভিযোগ",0.29268292682926833,0.15384615384615388,0.29268292682926833,0.29268292682926833,[0.7702491283416748],[0.8018386363983154],[0.7857264876365662]
"নলবাৰীঃ নলবাৰী জিলাৰ দক্ষিণ প্ৰান্তৰ দুগৰাকী অৱসৰপ্ৰাপ্ত শিক্ষক, সমাজকৰ্মী, অভিনেতাৰ মৃত্যুই সমগ্ৰ জিলা খনতে শোকৰ ছাঁ পেলাইছে।","নলবাৰীঃ নলবাৰী জিলাৰ দক্ষিণ প্ৰান্তৰ দুগৰাকী অৱসৰপ্ৰাপ্ত শিক্ষক, সমাজকৰ্মী, অভিনেতাৰ মৃত্যুই সমগ্ৰ জিলা খনতে শোকৰ ছাঁ পেলাইছে।","নলবাৰীত দুই শিক্ষক, অভিনেতাৰ মৃত্যুত শোক",0.1739130434782609,0.0,0.1739130434782609,0.1739130434782609,[0.702070415019989],[0.8253816366195679],[0.7587485313415527]
শিলচৰ লোকসভা সমষ্টিৰ অন্তৰ্গত সোনাই বিধানসভাৰ ১২ নম্বৰ কচুদৰম গাঁৱৰ ৰাইজে ভোট বৰ্জনৰ সিদ্ধান্ত লৈছে।,শিলচৰ লোকসভা সমষ্টিৰ অন্তৰ্গত সোনাই বিধানসভাৰ ১২ নম্বৰ কচুদৰম গাঁৱৰ ৰাইজে ভোট বৰ্জনৰ সিদ্ধান্ত লৈছে।,সোনাইৰ ১২ নম্বৰ কচুদৰমবাসীৰ ভোট বৰ্জনৰ সিদ্ধান্ত,0.4545454545454545,0.3,0.4545454545454545,0.4545454545454545,[0.7588194012641907],[0.8504446744918823],[0.8020236492156982]
লাহোৱালঃ ঐতিহ্যমণ্ডিত কটন বিশ্ববিদ্যালয়ৰ ছাত্ৰ একতা সভাই বিশ্ববিদ্যালয়ৰ নাগৰিকত্ব সংশোধনী বিধেয়কখনৰ বিৰোধিতাত বুধবাৰৰপৰা অনিৰ্দিষ্টকালীন শ্ৰেনীবৰ্জন কাৰ্য্যসূচী ঘোষণা কৰাৰ পিছতে ডিব্ৰুগড় বিশ্ববিদ্যালয় স্নাতকোত্তৰ ছাত্ৰ একতা সভায়ো অনিৰ্দিষ্টকালীন শ্ৰেণী বৰ্জনৰ সিদ্ধান্ত লয়।,লাহোৱালঃ ঐতিহ্যমণ্ডিত কটন বিশ্ববিদ্যালয়ৰ ছাত্ৰ একতা সভাই বিশ্ববিদ্যালয়ৰ নাগৰিকত্ব সংশোধনী বিধেয়কখনৰ বিৰোধিতাত বুধবাৰৰপৰা অনিৰ্দিষ্টকালীন শ্ৰেনীবৰ্জন কাৰ্য্যসূচী ঘোষণা কৰাৰ পিছতে ডিব্ৰুগড় বিশ্ববিদ্যালয় স্নাতকোত্তৰ ছাত্ৰ একতা সভায়ো অনিৰ্দিষ্টকালীন শ্ৰেণী বৰ্জনৰ সিদ্ধান্ত লয়।,ডিব্ৰুগড় বিশ্ববিদ্যালৰ চৌহদত সোমাব নোৱাৰিব ৰাষ্ট্ৰশক্তিৰ ভৃত্য-দালাল,0.0,0.0,0.0,0.0,[0.6416759490966797],[0.7108319401741028],[0.674485981464386]
"চিকিৎসা বিজ্ঞানৰ বৃহৎ সফলতা নৱেম্বৰ ১৪, ২০১৯ 0 ১০১ চিকিৎসা বিজ্ঞানীসকলে এটাৰ পিছত আন এটা সাফল্য অর্জন কৰি আহিছে।","চিকিৎসা বিজ্ঞানৰ বৃহৎ সফলতা নৱেম্বৰ ১৪, ২০১৯ 0 ১০১ চিকিৎসা বিজ্ঞানীসকলে এটাৰ পিছত আন এটা সাফল্য অর্জন কৰি আহিছে।",চিকিৎসা বিজ্ঞানৰ বৃহৎ সফলতা - ভাল খবৰ,0.3076923076923077,0.25,0.3076923076923077,0.3076923076923077,[0.7274202108383179],[0.8328609466552734],[0.776577889919281]
"নলবাৰীঃ নলবাৰীৰ নাট্য মন্দিৰ প্ৰাংগনত অসম সাংবাদিকৰ সংগ্ৰামী মঞ্চ, আছাম প্ৰেছ কৰেছপণ্ডেন্টেছ ইউনিয়ন (আপকু)ৰ ৰূপালী জয়ন্তী সমাৰোহৰ বিশেষ অনুষ্ঠান তথা আপকুৰ নলবাৰী জিলা সমিতিৰ প্ৰতিষ্ঠা দিৱস বৃস্তিত কাৰ্যসূচীৰে ১০ আৰু ১১ ছেপ্টেম্বৰত উদযাপন কৰা হ'ব।","নলবাৰীঃ নলবাৰীৰ নাট্য মন্দিৰ প্ৰাংগনত অসম সাংবাদিকৰ সংগ্ৰামী মঞ্চ, আছাম প্ৰেছ কৰেছপণ্ডেন্টেছ ইউনিয়ন (আপকু)ৰ ৰূপালী জয়ন্তী সমাৰোহৰ বিশেষ অনুষ্ঠান তথা আপকুৰ নলবাৰী জিলা সমিতিৰ প্ৰতিষ্ঠা দিৱস বৃস্তিত কাৰ্যসূচীৰে ১০ আৰু ১১ ছেপ্টেম্বৰত উদযাপন কৰা হ'ব।",নলবাৰীত আপকুৰ ৰূপালী জয়ন্তীৰ বিশেষ অনুষ্ঠান,0.19512195121951217,0.05128205128205128,0.14634146341463414,0.14634146341463414,[0.6526512503623962],[0.8081225156784058],[0.7221134901046753]
অসমত কোনো দিন প্ৰযোজ্য নহয় ইনাৰ লাইন পাৰ্মিট 2 পৰিবহন আইন উলংঘা কৰা সৰু-বৰ যান -বাহনে ভৰি পৰিল শিৱসাগৰৰ পৰিবহন কাৰ্য্যালয়ৰ চৌহদ 4 ওদালগুৰি : আজি বিশ্ব হেপাটাইটিছ দিৱস।,পৰিবহন আইন উলংঘা কৰা সৰু-বৰ যান -বাহনে ভৰি পৰিল শিৱসাগৰৰ পৰিবহন কাৰ্য্যালয়,বিশ্বনাথত বিশ্ব হেপাটাইটিছ দিৱস পালন,0.0,0.0,0.0,0.0,[0.6245402693748474],[0.6845076680183411],[0.6531504392623901]
মঙলবাৰে মেঘালয়ৰ মাওফলাং বিধানসভা সমষ্টিৰ নিৰ্দলীয় বিধায়ক ছিণ্টাৰ ক্লাছ ছানে আনুষ্ঠানিকভাৱে য়ুনাইটেড ডেমক্ৰেটিক পাৰ্টিত চমুকৈ য়ু ডি পিত যোগদান কৰিছে।,মেঘালয়ৰ মাওফলাং বিধানসভা সমষ্টিৰ নিৰ্দলীয় বিধায়ক ছিণ্টাৰ ক্লাছ ছানে আনুষ্ঠানিকভাৱে য়ুনাইটেড ডেমক্ৰেটিক পাৰ্টিত চমুকৈ য়ু ডি পিত যোগদান কৰিছে।,মাওফলাং বিধানসভাৰ ছিণ্টাৰ ছানৰ য়ুনাইটেড ডেমক্ৰেটিক পাৰ্টিত যোগদান,0.37037037037037035,0.08,0.37037037037037035,0.37037037037037035,[0.7976892590522766],[0.8946842551231384],[0.8434072136878967]
"দৰঙীয়া কথিত ভাষাত লিখা এখন প্ৰেম পত্ৰ - অবিনাশ শৰ্মা শ্ৰী হৰি মৰমৰ ব্যাসপেন্নি, পথ্থমে মোৰ মৰম লবি।","অবিনাশ শৰ্মা শ্ৰী হৰি মৰমৰ ব্যাসপেন্নি, পথ্থমে মোৰ মৰম লবি।",দৰঙীয়া কথিত ভাষাত লিখা এখন প্ৰেম পত্ৰ - অবিনাশ শৰ্মা - ফটাঢোল,0.1818181818181818,0.09999999999999999,0.1818181818181818,0.1818181818181818,[0.7241812944412231],[0.7204091548919678],[0.7222902774810791]
"গোগামুখঃ ধেমাজি জিলাৰ এগৰাকী মৌজাদাৰে টকা নিদিলে নকৰে কাম৷ মৌজাদাৰ গৰাকীয়ে টকা সুধিবলৈ ভয়-ভিত নকৰে৷ কৃষক, ব্যৱসায়ী, ছাত্ৰ নেতা কোনোৱে টকা নিদিয়াকৈ কাম আদায় কৰিব নোৱাৰে মৌজাদাৰগৰাকীৰ পৰা৷ জিলাখনৰ বৰদলনি মৌজাৰ মৌজাদাৰৰ বিৰুদ্ধে এই অভিযোগ এতিয়া সৰ্বত্ৰে৷ পইছা বিচৰা সন্দৰ্ভত জানিবলৈ গৈ আজি মৌজাদাৰগৰাকীয়ে সাংবাদিকৰ লগতে ছাত্ৰ নেতাক অপদস্থ কৰা ঘটনাই অঞ্চটোত প্ৰতিক্ৰিয়াৰ সৃষ্টি কৰিছে।","গোগামুখ মৌজাৰ মৌজাদাৰে টকা নিদিলে নকৰে কাম৷ মৌজাদাৰ গৰাকীয়ে টকা সুধিবলৈ ভয়-ভিত নকৰে৷ কৃষক, ব্যৱসায়ী, ছাত্ৰ নেতা কোনোৱে টকা নিদিয়াকৈ কাম আদায় কৰিব নোৱাৰে মৌজাদাৰগৰাকীৰ পৰা৷ জিলাখনৰ বৰদলনি মৌজাৰ মৌজাদাৰৰ বিৰুদ্ধে এই অভিযোগ এতিয়া সৰ্বত্ৰে৷ পইছা বিচৰা সন্দৰ্ভত জানিবলৈ গৈ আজি মৌজাদাৰগৰাকীয়ে সাংবাদিকৰ লগতে ছাত্ৰ নেতাক অপদস্থ কৰা ঘটনাই অঞ্চটোত প্ৰতিক্ৰিয়াৰ সৃষ্টি কৰিছে।",টকা নিদিলে কাম নকৰে মৌজাদাৰ ৰাকেশে,0.16949152542372883,0.03508771929824562,0.13559322033898305,0.13559322033898305,[0.6214925050735474],[0.7479920387268066],[0.678899884223938]
জ এ.এছ.এন. প্ৰতিনিধি / 2020 শিৱসাগৰৰ পৰা কল্যাণজ্যোতি বুঢ়াগোহাঁই: 'কা' বিৰোধী আন্দোলনত অংশ লৈ কাৰাবাসৰ পৰা মুক্তি লাভ কৰি সোমবাৰে শিৱসাগৰত উপস্থিত হয়হি বীৰ লাচিত সেনাৰ নেতা শৃংখল চলিহা।,শিৱসাগৰৰ পৰা কল্যাণজ্যোতি বুঢ়াগোহাঁই: 'কা' বিৰোধী আন্দোলনত অংশ লৈ কাৰাবাসৰ পৰা মুক্তি লাভ কৰি সোমবাৰে শিৱসাগৰত উপস্থিত হয়হি বীৰ লাচিত সেনাৰ নেতা শৃংখল চলিহা।,২২ টা দিন কাৰাৰুদ্ধ জীৱন কটাই স্বগৃহত উপস্থিত শৃংখল চলিহা,0.11764705882352941,0.0,0.11764705882352941,0.11764705882352941,[0.6881979703903198],[0.749025821685791],[0.7173247337341309]
"কোকিলকন্ঠী লতা মংগেশকাৰলৈ বিৰল সন্মান ২৮ ছেপ্টেম্বৰত প্ৰদান কৰা হব এই সন্মান চেপ্টেম্বৰ ৭, ২০১৯ 0 ২১৮ সংগীত মানেই যেন লতা মংগেশকাৰ।","কোকিলকন্ঠী লতা মংগেশকাৰলৈ বিৰল সন্মান ২৮ ছেপ্টেম্বৰত প্ৰদান কৰা হব এই সন্মান চেপ্টেম্বৰ ৭, ২০১৯ 0 ২১৮ সংগীত মানেই যেন লতা মংগেশকাৰ।",কোকিলকন্ঠী লতা মংগেশকাৰলৈ বিৰল সন্মান - ভাল খবৰ,0.3333333333333333,0.2857142857142857,0.3333333333333333,0.3333333333333333,[0.7281028628349304],[0.8327600955963135],[0.7769227623939514]
উজ এ.এছ.এন. প্ৰতিনিধি / 2019 শিলচৰৰ পৰা আব্দুল আলিম চৌধুৰীৰ প্রতিবেদন : কাছাৰ জিলাৰ ধলাইৰ ৰজনীখালত বন বিভাগৰ ভূমি দখল কৰি বসতি স্থাপন কৰা ৮২ টা পৰিয়ালৰ ঘৰ আজি এজাক হাতীৰ সহযোগত লণ্ডভণ্ড কৰি পেলাই কাছাৰ জিলা প্রশাসনে।,শিলচৰৰ পৰা আব্দুল আলিম চৌধুৰী : কাছাৰ জিলাৰ ধলাইৰ ৰজনীখালত বন বিভাগৰ ভূমি দখল কৰি বসতি স্থাপন কৰা ৮২ টা পৰিয়ালৰ ঘৰ আজি এজাক হাতীৰ সহযোগত লণ্ডভণ্ড কৰি পেলাই কাছাৰ জিলা প্রশাসনে।,কাছাৰৰ ধলাইত বন বিভাগে চলালে দিনজোৰা উচ্ছেদ অভিযান,0.05,0.0,0.05,0.05,[0.6751219034194946],[0.7281673550605774],[0.7006420493125916]
"ইন্ধনৰে নহয় হাইড্রজেনেৰে চলিব গাড়ী নৱেম্বৰ ১৪, ২০১৯ 0 ৮৪ এইবাৰ গাড়ী তেলেৰে নহয়, চলিব হাইড্রজেনত।","ইন্ধনৰে নহয় হাইড্রজেনেৰে চলিব গাড়ী নৱেম্বৰ ১৪, ২০১৯ 0 ৮৪ এইবাৰ গাড়ী তেলেৰে নহয়, চলিব হাইড্রজেনত।",ইন্ধনৰে নহয় হাইড্রজেনেৰে চলিব গাড়ী - ভাল খবৰ,0.4166666666666667,0.36363636363636365,0.4166666666666667,0.4166666666666667,[0.7685552835464478],[0.818217396736145],[0.7926091551780701]
ওদালগুৰিঃ ওদালগুৰি জিলাৰ ওৰাং উচ্চতৰ মাধ্যমিক বিদ্যালয়ৰ অধ্যক্ষ পূণ্য প্ৰসাদ উপাধ্যায়ে ছাত্ৰী সকলৰ বাবে চৰকাৰে প্ৰদান কৰা সৌৰশক্তিৰে চালিত লেম্পৰ বাবে ৫০ টকাকৈ সংগ্ৰহ কৰে।,ওদালগুৰিঃ ওদালগুৰি জিলাৰ ওৰাং উচ্চতৰ মাধ্যমিক বিদ্যালয়ৰ অধ্যক্ষ পূণ্য প্ৰসাদ উপাধ্যায়ে ছাত্ৰী সকলৰ বাবে চৰকাৰে প্ৰদান কৰা সৌৰশক্তিৰে চালিত লেম্পৰ বাবে ৫০ টকাকৈ সংগ্ৰহ কৰে।,ছাত্ৰ-ছাত্ৰীক ফাঁকি দি টকা সংগ্ৰহ অধ্যক্ষৰ,0.06451612903225806,0.0,0.06451612903225806,0.06451612903225806,[0.6789039373397827],[0.7634801864624023],[0.7187123894691467]
ডিব্ৰুগড়ঃ বানপানীৰ পিছত এইবাৰ ডিব্ৰুগড় জিলাত ভয়াৱহ ৰূপ ধাৰণ কৰিছে জাপানীজ এনকেফেলাইটিছ আৰু এনকেফেলাইটিছ সদৃশ ৰোগে।,ডিব্ৰুগড়ঃ বানপানীৰ পিছত এইবাৰ ডিব্ৰুগড় জিলাত ভয়াৱহ ৰূপ ধাৰণ কৰিছে জাপানীজ এনকেফেলাইটিছ আৰু এনকেফেলাইটিছ সদৃশ ৰোগে।,ধিক স্বাস্থ্য বিভাগ! ডিব্ৰুগড়ত এনকেফেলাইটিছত ৩১জনৰ মৃত্যু,0.0,0.0,0.0,0.0,[0.7134848833084106],[0.728485107421875],[0.7209069728851318]
দলংঘাটঃ দৰং জিলাৰ ঐতিহ্যমণ্ডিত দেওমৰনৈ স্নাতক মহাবিদ্যালয়ত মঙলবাৰে ছাত্ৰ একতা সভাৰ এখন বিশেষ সভা অনুষ্ঠিত হৈ যায়৷ সভাত মহাবিদ্যালয় খনৰ ছাত্ৰ একতা সভাৰ নৱনিৰ্বাচিত সদস্যসকলক শপত গ্ৰহণ কৰাৰ লগতে বিশিষ্ট ব্যক্তিক সম্বৰ্ধনা যাচে মহাবিদ্যালয় কৰ্তৃপক্ষই৷ মঙলবাৰে পুৱা মহাবিদ্যালয় খনৰ অধ্যক্ষা ড০ গীতালি কলিতাই পতাকা উত্তোলন কৰাৰ পিছতে সদৌ অসম ছাত্র সন্থাৰ পতাকা উত্তোলন কৰে মহাবিদ্যালয় ছাত্ৰ একতা সভাৰ প্ৰাক্তন সাধাৰণ সম্পাদক চন্দন বৈশ্যই৷ মহাবিদ্যালয় ছাত্ৰ একতা সভাৰ পতাকা উত্তোলন কৰে ছাত্ৰ একতা সভাৰ উপ-সভাপতি নিখিল শৰ্মাই৷ শ্বহীদ তৰ্পণ কৰে মহাবিদ্যালয়ৰ কাৰ্যলয় সহায়ক নিপাংক শৰ্মাই৷ মহাবিদ্যালয়ৰ প্ৰাচীৰ পত্ৰিকা উন্মোচন কৰে মহাবিদ্যালয়ৰ সহকাৰী অধ্যাপক হেমচন্দ্র চহৰীয়াই।,দেওমৰনৈ মহাবিদ্যালয় ছাত্ৰ একতা সভাৰ নৱনিৰ্বাচিত সদস্যসকলক সম্বৰ্ধনা যাচে মহাবিদ্যালয় কৰ্তৃপক্ষই,"দেওমৰনৈ স্নাতক মহাবিদ্যালয়ত ছাত্ৰ-ছাত্ৰী, শিক্ষকৰ বিশেষ সভা",0.1111111111111111,0.0,0.1111111111111111,0.1111111111111111,[0.7568109035491943],[0.7964622974395752],[0.7761304974555969]
মাৰ্ঘেৰিটাঃ তিনিচুকীয়া জিলাৰ মাৰ্ঘেৰিটা আৰক্ষী থানাৰ অন্তৰ্গত বৰগোলাইত ৰন্টিক্স নামৰ ব্যক্তিগত চিকিৎসা প্ৰতিষ্ঠানটোৰ সন্মুখত শুকুৰবাৰে নিশাৰ ভাগত এক দুৰ্ঘটনা সংঘটিত হয়।,মাৰ্ঘেৰিটাঃ তিনিচুকীয়া জিলাৰ মাৰ্ঘেৰিটা আৰক্ষী থানাৰ অন্তৰ্গত বৰগোলাইত ৰন্টিক্স নামৰ ব্যক্তিগত চিকিৎসা প্ৰতিষ্ঠানটোৰ সন্মুখত শুকুৰবাৰে নিশাৰ ভাগত এক দুৰ্ঘটনা সংঘটিত হয়।,"মাৰ্ঘেৰিটাত শিহৰণকাৰী দুৰ্ঘটনা, এজন নিহত",0.0,0.0,0.0,0.0,[0.6895530223846436],[0.7596824765205383],[0.7229209542274475]
নলবাৰীঃ নলবাৰীৰ বৰাজোলত দীনদয়াল উপাধ্যায় গ্ৰাম্য জ্যোতি আঁচনিৰ অধীনৰ ইলেক্ট্ৰিকেল সামগ্ৰী বিতৰণ কৰা হয়।,নলবাৰীৰ বৰাজোলত দীনদয়াল উপাধ্যায় গ্ৰাম্য জ্যোতি আঁচনিৰ অধীনৰ ইলেক্ট্ৰিকেল সামগ্ৰী বিতৰণ কৰা হয়।,নলবাৰীত ইলেক্ট্ৰিকেল সামগ্ৰী বিতৰণ,0.3529411764705882,0.26666666666666666,0.3529411764705882,0.3529411764705882,[0.7400986552238464],[0.8650452494621277],[0.7977089881896973]
"কামপুৰঃ বৃহস্পতিবাৰে নগাঁও জিলাৰ কন্দলী পাহাৰৰ আহুতলী বনাঞ্চলত বন বিভাগে অভিযান চলাই এটি হস্তনিৰ্মিত বন্দুক উদ্ধাৰ কৰিবলৈ সক্ষম হয়৷ ৰাজ্যত প্ৰতিদিনে গঁড় হত্যা, হাতীৰ মৃত্যু হৈ অহাৰ সময়তে বনবিভাগে অভিযান চলাইকন্দলী পাহাৰৰ আহুতলী বনাঞ্চলত৷ কঠিয়াতলী বন বিষয়াৰ নেতৃত্বত যোৱা এটা দলে অভিযান চলাই উদ্ধাৰ কৰিবলৈ সক্ষম হয় বন্দুকটো।","কন্দলী পাহাৰৰ আহুতলী বনাঞ্চলত বন বিভাগে অভিযান চলাই এটি হস্তনিৰ্মিত বন্দুক উদ্ধাৰ কৰিবলৈ সক্ষম হয়৷ ৰাজ্যত প্ৰতিদিনে গঁড় হত্যা, হাতীৰ মৃত্যু হৈ অহাৰ সময়তে বনবিভাগে অভিযান চলাইকন্দলী পাহাৰৰ আহুতলী বনাঞ্চলত উদ্ধাৰ কৰে হস্তনিৰ্মিত বন্দুকটো।",কন্দলী পাহাৰত বন্দুক এৰি পলাল চোৰাং চিকাৰী,0.0975609756097561,0.0,0.0975609756097561,0.0975609756097561,[0.6039149165153503],[0.6866581439971924],[0.6426340341567993]
১৯৬০ চনৰ ৰাজ্য ভাষা আইন অনুসৰি তিনিচুকীয়াত ১০০ শতাংশ অসমীয়া ভাষা প্ৰয়োগৰ দাবীত আজি অসম জাতীয়তাবাদী যুৱ পৰিষদ তিনিচুকীয়া জিলা সমিতিয়ে মাৰ্ঘেৰিটাৰ মহকুমাধিপতিক এখন স্মাৰক পত্ৰ প্ৰদান কৰে।,১৯৬০ চনৰ ৰাজ্য ভাষা আইন অনুসৰি তিনিচুকীয়াত ১০০ শতাংশ অসমীয়া ভাষা প্ৰয়োগৰ দাবীত আজি অসম জাতীয়তাবাদী যুৱ পৰিষদ তিনিচুকীয়া জিলা সমিতিয়ে মাৰ্ঘেৰিটাৰ মহকুমাধিপতিক এখন স্মাৰক পত্ৰ প্ৰদান কৰে।,তিনিচুকীয়াত ৰাজ্য ভাষা প্ৰয়োগৰ বাবে অসম জাতীয়তাবাদী যুৱ পৰিষদ তিনিচুকীয়া জিলা সমিতিৰ স্মাৰকপত্ৰ,0.3414634146341463,0.20512820512820512,0.3414634146341463,0.3414634146341463,[0.7883726954460144],[0.9024736881256104],[0.8415732979774475]
জোনাইঃ অসমত সদ্য ঘোষিত শিক্ষক নিযুক্তি প্ৰক্ৰিয়াত বড়ো মাধ্যমৰ বিদ্যালয়ত অসমীয়া মাধ্যমৰ শিক্ষক নিযুক্তি দিয়াৰ প্ৰতিবাদ আজি সন্ধিয়া জোনাইত ধেমাজি জিলা সমিতিৰ উদ্যোগত জোঁৰ সমদল উলিয়াই প্ৰতিবাদ সাব্যস্ত কৰা হয়৷ সমগ্ৰ অসমত চাৰিশৰো অধিক তথা ধেমাজি জিলাত বিশ জন নিযুক্তি দিয়া বুলি জানিব পৰা গৈছে।,ধেমাজি জিলাৰ জোনাইত বড়ো মাধ্যমৰ বিদ্যালয়ত অসমীয়া মাধ্যমৰ শিক্ষক নিযুক্তি দিয়াৰ প্ৰতিবাদ আজি সন্ধিয়া জোনাইত জোঁৰ সমদল উলিয়াই প্ৰতিবাদ সাব্যস্ত কৰা হয়৷ সমগ্ৰ অসমত চাৰিশৰো অধিক তথা ধেমাজি জিলাত বিশ জন নিযুক্তি দিয়া বুলি জানিব পৰা গৈছে।,বড়ো মাধ্যমৰ বিদ্যালয়ত অসমীয়া মাধ্যমৰ শিক্ষক নিযুক্তিৰ প্ৰতিবাদত উত্তাল জোনাই,0.12765957446808512,0.04444444444444444,0.12765957446808512,0.12765957446808512,[0.7154278755187988],[0.8236671686172485],[0.7657414674758911]
"ষড়ানন বৰা, চামগুৰিঃ নগাঁও জিলাৰ চামগুৰিৰ বিভিন্ন স্থানত ব্যাপক হাৰত চলি থকা বন ধ্বংসযজ্ঞৰ সময়তে বৃহস্পতিবাৰে বিয়লি কাঠপাৰাত বন বিভাগে চলায় এক বৃহৎ অভিযান।","ষড়ানন বৰা, চামগুৰিঃ নগাঁও জিলাৰ চামগুৰিৰ বিভিন্ন স্থানত ব্যাপক হাৰত চলি থকা বন ধ্বংসযজ্ঞৰ সময়তে বৃহস্পতিবাৰে বিয়লি কাঠপাৰাত বন বিভাগে চলায় এক বৃহৎ অভিযান।",চামগুৰিত বন বিভাগৰ বৃহৎ অভিযান,0.13793103448275862,0.0,0.13793103448275862,0.13793103448275862,[0.7149708867073059],[0.8327538371086121],[0.7693806290626526]
"জয়ন্ত মুদৈ,নগাঁওঃ সদৌ অসম সংখ্যালঘু ছাত্ৰ ইউনিয়ন চমুকৈ আমছুৰ নগাঁও জিলা সমিতিৰ অন্তৰ্গত আলিটাঙনী আঞ্চলিক সমিতিৰ উদ্যোগত বুধবাৰে আলিটাঙনী চাৰিআলিত এখনি সজাগতামূলক সভা অনুষ্ঠিত কৰা হয়।",আলিটাঙনী চাৰিআলিৰ আলিটাঙনী চাৰিআলিত ৰাষ্ট্ৰীয় নাগৰিক পঞ্জী সন্দৰ্ভত সজাগতামূলক সভা,আমছুৰ উদ্যোগত আলিটাঙনী চাৰিআলি-বাটমাৰীত সজাগতামূলক সভা-সমদল,0.25,0.0,0.25,0.25,[0.7820244431495667],[0.7812284231185913],[0.7816262245178223]
দৈনন্দিন 2 অভাৰ স্মাৰ্ট পুতুকন - দীপাংকৰ চৌধুৰী বন্ধৰ দিনত পুতুকনৰ বেলেগ কাম একো নাথাকে।,দৈনন্দিন 2 অভাৰ স্মাৰ্ট পুতুকন - দীপাংকৰ চৌধুৰী বন্ধৰ দিনত পুতুকনৰ বেলেগ কাম একো নাথাকে।,অভাৰ স্মাৰ্ট পুতুকন - দীপাংকৰ চৌধুৰী - ফটাঢোল,0.5217391304347827,0.4761904761904762,0.5217391304347827,0.5217391304347827,[0.7732146978378296],[0.8385250568389893],[0.8045466542243958]
